CHBJ000000,北京,Beijing
CHSH000000,上海,Shanghai
CHTJ000000,天津,Tianjin
CHCQ000000,重庆,Chongqing
CHHK000000,香港,Hong Kong
CHMO000000,澳门,Macao
CHTW000000,台北,Taipei
CHTW010000,高雄,Gaoxiong
CHTW020000,台中,Taizhong
CHHL000000,哈尔滨,Haerbin
CHHL010000,齐齐哈尔,Qiqihaer
CHHL020000,牡丹江,Mudanjiang
CHHL030000,佳木斯,Jiamusi
CHHL040000,绥化,Suihua
CHHL050000,黑河,Heihe
CHHL060000,大兴安岭,Daxinganling
CHHL070000,伊春,Yichun
CHHL080000,大庆,Daqing
CHHL090000,七台河,Qitaihe
CHHL100000,鸡西,Jixi
CHHL110000,鹤岗,Hegang
CHHL120000,双鸭山,Shuangyashan
CHJL000000,长春,Changchun
CHJL010000,吉林,Jilin
CHJL020000,延吉,Yanji
CHJL030000,四平,Siping
CHJL040000,通化,Tonghua
CHJL050000,白城,Baicheng
CHJL060000,辽源,Liaoyuan
CHJL070000,松原,Songyuan
CHJL080000,白山,Baishan
CHLN000000,沈阳,Shenyang
CHLN010000,大连,Dalian
CHLN020000,鞍山,Anshan
CHLN030000,抚顺,Fushun
CHLN040000,本溪,Benxi
CHLN050000,丹东,Dandong
CHLN060000,锦州,Jinzhou
CHLN070000,营口,Yingkou
CHLN080000,阜新,Fuxin
CHLN090000,辽阳,Liaoyang
CHLN100000,铁岭,Tieling
CHLN110000,朝阳,Chaoyang
CHLN120000,盘锦,Panjin
CHLN130000,葫芦岛,Huludao
CHNM000000,呼和浩特,Huhehaote
CHNM010000,包头,Baotou
CHNM020000,乌海,Wuhai
CHNM030000,集宁,Jining
CHNM040000,通辽,Tongliao
CHNM050000,赤峰,Chifeng
CHNM060000,鄂尔多斯,Eerduosi
CHNM070000,临河,Linhe
CHNM080000,锡林浩特,Xilinhaote
CHNM090000,海拉尔,Hailaer
CHNM100000,乌兰浩特,Wulanhaote
CHNM110000,阿左旗,Azuoqi
CHHE000000,石家庄,Shijiazhuang
CHHE010000,保定,Baoding
CHHE020000,张家口,Zhangjiakou
CHHE030000,承德,Chengde
CHHE040000,唐山,Tangshan
CHHE050000,廊坊,Langfang
CHHE060000,沧州,Cangzhou
CHHE070000,衡水,Hengshui
CHHE080000,邢台,Xingtai
CHHE090000,邯郸,Handan
CHHE100000,秦皇岛,Qinhuangdao
CHHA000000,郑州,Zhengzhou
CHHA010000,安阳,Anyang
CHHA020000,新乡,Xinxiang
CHHA030000,许昌,Xuchang
CHHA040000,平顶山,Pingdingshan
CHHA050000,信阳,Xinyang
CHHA060000,南阳,Nanyang
CHHA070000,开封,Kaifeng
CHHA080000,洛阳,Luoyang
CHHA090000,商丘,Shangqiu
CHHA100000,焦作,Jiaozuo
CHHA110000,鹤壁,Hebi
CHHA120000,濮阳,Puyang
CHHA130000,周口,Zhoukou
CHHA140000,漯河,Luohe
CHHA150000,驻马店,Zhumadian
CHHA160000,三门峡,Sanmenxia
CHHA170000,济源,Jiyuan
CHSX000000,太原,Taiyuan
CHSX010000,大同,Datong
CHSX020000,阳泉,Yangquan
CHSX030000,晋中,Jinzhong
CHSX040000,长治,Changzhi
CHSX050000,晋城,Jincheng
CHSX060000,临汾,Linfen
CHSX070000,运城,Yuncheng
CHSX080000,朔州,Shuozhou
CHSX090000,忻州,Xinzhou
CHSX100000,吕梁,Lvliang
CHSD000000,济南,Jinan
CHSD010000,青岛,Qingdao
CHSD020000,淄博,Zibo
CHSD030000,德州,Dezhou
CHSD040000,烟台,Yantai
CHSD050000,潍坊,Weifang
CHSD060000,济宁,Jining
CHSD070000,泰安,Taian
CHSD080000,临沂,Linyi
CHSD090000,菏泽,Heze
CHSD100000,滨州,Binzhou
CHSD110000,东营,Dongying
CHSD120000,威海,Weihai
CHSD130000,枣庄,Zaozhuang
CHSD140000,日照,Rizhao
CHSD150000,莱芜,Laiwu
CHSD160000,聊城,Liaocheng
CHJS000000,南京,Nanjing
CHJS010000,无锡,Wuxi
CHJS020000,镇江,Zhenjiang
CHJS030000,苏州,Suzhou
CHJS040000,南通,Nantong
CHJS050000,扬州,Yangzhou
CHJS060000,盐城,Yancheng
CHJS070000,徐州,Xuzhou
CHJS080000,淮安,Huaian
CHJS090000,连云港,Lianyungang
CHJS100000,常州,Changzhou
CHJS110000,泰州,Taizhou
CHJS120000,宿迁,Suqian
CHZJ000000,杭州,Hangzhou
CHZJ010000,湖州,Huzhou
CHZJ020000,嘉兴,Jiaxing
CHZJ030000,宁波,Ningbo
CHZJ040000,绍兴,Shaoxing
CHZJ050000,台州,Taizhou
CHZJ060000,温州,Wenzhou
CHZJ070000,丽水,Lishui
CHZJ080000,金华,Jinhua
CHZJ090000,衢州,Quzhou
CHZJ100000,舟山,Zhoushan
CHFJ000000,福州,Fuzhou
CHFJ010000,厦门,Xiamen
CHFJ020000,宁德,Ningde
CHFJ030000,莆田,Putian
CHFJ040000,泉州,Quanzhou
CHFJ050000,漳州,Zhangzhou
CHFJ060000,龙岩,Longyan
CHFJ070000,三明,Sanming
CHFJ080000,南平,Nanping
CHJX000000,南昌,Nanchang
CHJX010000,九江,Jiujiang
CHJX020000,上饶,Shangrao
CHJX030000,抚州,Fuzhou
CHJX040000,宜春,Yichun
CHJX050000,吉安,Jian
CHJX060000,赣州,Ganzhou
CHJX070000,景德镇,Jingdezhen
CHJX080000,萍乡,Pingxiang
CHJX090000,新余,Xinyu
CHJX100000,鹰潭,Yingtan
CHAH000000,合肥,Hefei
CHAH150000,巢湖,Chaohu
CHAH010000,蚌埠,Bengbu
CHAH020000,芜湖,Wuhu
CHAH030000,淮南,Huainan
CHAH040000,马鞍山,Maanshan
CHAH050000,安庆,Anqing
CHAH060000,宿州,Suzhou
CHAH070000,阜阳,Fuyang
CHAH080000,亳州,Bozhou
CHAH090000,黄山,Huangshan
CHAH100000,滁州,Chuzhou
CHAH110000,淮北,Huaibei
CHAH120000,铜陵,Tongling
CHAH130000,宣城,Xuancheng
CHAH140000,六安,Luan
CHAH160000,池州,Chizhou
CHHB000000,武汉,Wuhan
CHHB010000,襄阳,Xiangyang
CHHB020000,鄂州,Ezhou
CHHB030000,孝感,Xiaogan
CHHB040000,黄冈,Huanggang
CHHB050000,黄石,Huangshi
CHHB060000,咸宁,Xianning
CHHB070000,荆州,Jingzhou
CHHB080000,宜昌,Yichang
CHHB090000,恩施,Enshi
CHHB100000,十堰,Shiyan
CHHB110000,神农架,Shennongjia
CHHB120000,随州,Suizhou
CHHB130000,荆门,Jingmen
CHHB140000,天门,Tianmen
CHHB150000,仙桃,Xiantao
CHHB160000,潜江,Qianjiang
CHHN000000,长沙,Changsha
CHHN010000,湘潭,Xiangtan
CHHN020000,株洲,Zhuzhou
CHHN030000,衡阳,Hengyang
CHHN040000,郴州,Chenzhou
CHHN050000,常德,Changde
CHHN060000,益阳,Yiyang
CHHN070000,娄底,Loudi
CHHN080000,邵阳,Shaoyang
CHHN090000,岳阳,Yueyang
CHHN100000,张家界,Zhangjiajie
CHHN110000,怀化,Huaihua
CHHN120000,永州,Yongzhou
CHHN130000,吉首,Jishou
CHGD000000,广州,Guangzhou
CHGD010000,韶关,Shaoguan
CHGD020000,惠州,Huizhou
CHGD030000,梅州,Meizhou
CHGD040000,汕头,Shantou
CHGD050000,深圳,Shenzhen
CHGD060000,珠海,Zhuhai
CHGD070000,佛山,Foshan
CHGD080000,肇庆,Zhaoqing
CHGD090000,湛江,Zhanjiang
CHGD100000,江门,Jiangmen
CHGD110000,河源,Heyuan
CHGD120000,清远,Qingyuan
CHGD130000,云浮,Yunfu
CHGD140000,潮州,Chaozhou
CHGD150000,东莞,Dongguan
CHGD160000,中山,Zhongshan
CHGD170000,阳江,Yangjiang
CHGD180000,揭阳,Jieyang
CHGD190000,茂名,Maoming
CHGD200000,汕尾,Shanwei
CHGX000000,南宁,Nanning
CHGX010000,崇左,Chongzuo
CHGX020000,柳州,Liuzhou
CHGX030000,来宾,Laibin
CHGX040000,桂林,Guilin
CHGX050000,梧州,Wuzhou
CHGX060000,贺州,Hezhou
CHGX070000,贵港,Guigang
CHGX080000,玉林,Yulin
CHGX090000,百色,Baise
CHGX100000,钦州,Qinzhou
CHGX110000,河池,Hechi
CHGX120000,北海,Beihai
CHGX130000,防城港,Fangchenggang
CHHI000000,海口,Haikou
CHHI010000,三亚,Sanya
CHHI020000,东方,Dongfang
CHHI030000,临高,Lingao
CHHI040000,澄迈,Chengmai
CHHI050000,儋州,Danzhou
CHHI060000,昌江,Changjiang
CHHI070000,白沙,Baisha
CHHI080000,琼中,Qiongzhong
CHHI090000,定安,Dingan
CHHI100000,屯昌,Tunchang
CHHI110000,琼海,Qionghai
CHHI120000,文昌,Wenchang
CHHI130000,保亭,Baoting
CHHI140000,万宁,Wanning
CHHI150000,陵水,Lingshui
CHHI160000,西沙,Xisha
CHHI170000,南沙,Nansha
CHHI180000,乐东,Ledong
CHHI190000,五指山,Wuzhishan
CHHI200000,中沙,Wuzhishan
CHGZ000000,贵阳,Guiyang
CHGZ010000,遵义,Zunyi
CHGZ020000,安顺,Anshun
CHGZ030000,都匀,Duyun
CHGZ040000,凯里,Kaili
CHGZ050000,铜仁,Tongren
CHGZ060000,毕节,Bijie
CHGZ070000,水城,Shuicheng
CHGZ080000,兴义,Xingyi
CHYN000000,昆明,Kunming
CHYN010000,大理,Dali
CHYN020000,红河,Honghe
CHYN030000,曲靖,Qujing
CHYN040000,保山,Baoshan
CHYN050000,文山,Wenshan
CHYN060000,玉溪,Yuxi
CHYN070000,楚雄,Chuxiong
CHYN080000,普洱,Puer
CHYN090000,昭通,Zhaotong
CHYN100000,临沧,Lincang
CHYN110000,怒江,Nujiang
CHYN120000,香格里拉,Xianggelila
CHYN130000,丽江,Lijiang
CHYN140000,德宏,Dehong
CHYN150000,景洪,Jinghong
CHSC000000,成都,Chengdu
CHSC010000,攀枝花,Panzhihua
CHSC020000,自贡,Zigong
CHSC030000,绵阳,Mianyang
CHSC040000,南充,Nanchong
CHSC050000,达州,Dazhou
CHSC060000,遂宁,Suining
CHSC070000,广安,Guangan
CHSC080000,巴中,Bazhong
CHSC090000,泸州,Luzhou
CHSC100000,宜宾,Yibin
CHSC110000,内江,Neijiang
CHSC120000,资阳,Ziyang
CHSC130000,乐山,Leshan
CHSC140000,眉山,Meishan
CHSC150000,凉山,Liangshan
CHSC160000,雅安,Yaan
CHSC170000,甘孜,Ganzi
CHSC180000,阿坝,Aba
CHSC190000,德阳,Deyang
CHSC200000,广元,Guangyuan
CHXZ000000,拉萨,Lasa
CHXZ010000,日喀则,Rikaze
CHXZ020000,山南,Shannan
CHXZ030000,林芝,Linzhi
CHXZ040000,昌都,Changdu
CHXZ050000,那曲,Naqu
CHXZ060000,阿里,Ali
CHSN000000,西安,Xian
CHSN010000,咸阳,Xianyang
CHSN020000,延安,Yanan
CHSN030000,榆林,Yulin
CHSN040000,渭南,Weinan
CHSN050000,商洛,Shangluo
CHSN060000,安康,Ankang
CHSN070000,汉中,Hanzhong
CHSN080000,宝鸡,Baoji
CHSN090000,铜川,Tongchuan
CHSN100000,杨凌,Yangling
CHNX000000,银川,Yinchuan
CHNX010000,石嘴山,Shizuishan
CHNX020000,吴忠,Wuzhong
CHNX030000,固原,Guyuan
CHNX040000,中卫,Zhongwei
CHGS000000,兰州,Lanzhou
CHGS010000,定西,Dingxi
CHGS020000,平凉,Pingliang
CHGS030000,庆阳,Qingyang
CHGS040000,武威,Wuwei
CHGS050000,金昌,Jinchang
CHGS060000,张掖,Zhangye
CHGS070000,酒泉,Jiuquan
CHGS080000,天水,Tianshui
CHGS090000,武都,Wudu
CHGS100000,临夏,Linxia
CHGS110000,合作,Hezuo
CHGS120000,白银,Baiyin
CHGS130000,嘉峪关,Jiayuguan
CHQH000000,西宁,Xining
CHQH010000,海东,Haidong
CHQH020000,黄南,Huangnan
CHQH030000,海南,Hainan
CHQH040000,果洛,Guoluo
CHQH050000,玉树,Yushu
CHQH060000,海西,Haixi
CHQH070000,海北,Haibei
CHQH080000,格尔木,Geermu
CHXJ000000,乌鲁木齐,Wulumuqi
CHXJ010000,克拉玛依,Kelamayi
CHXJ020000,石河子,Shihezi
CHXJ030000,昌吉,Changji
CHXJ040000,吐鲁番,Tulufan
CHXJ050000,库尔勒,Kuerle
CHXJ060000,阿拉尔,Alaer
CHXJ070000,阿克苏,Akesu
CHXJ080000,喀什,Kashi
CHXJ090000,伊宁,Yining
CHXJ100000,塔城,Tacheng
CHXJ110000,哈密,Hami
CHXJ120000,和田,Hetian
CHXJ130000,阿勒泰,Aletai
CHXJ140000,阿图什,Atushi
CHXJ150000,博乐,Bole
JAXX000000,东京,Tokyo
JAXX010000,横滨,Yokohama
JAXX020000,名古屋,Nagoya
JAXX030000,大阪,Osaka
JAXX040000,京都,Kyoto
JAXX050000,奈良,Nara
JAXX060000,神户,Kobe
JAXX070000,高知,Kochi
JAXX080000,广岛,Hiroshima
JAXX090000,福冈,Fukuoka
JAXX100000,北九州,Kitakyushu
JAXX110000,长崎,Nagasaki
JAXX120000,仙台,Sendai
JAXX130000,长野,Nagano
JAXX140000,新泻,Niigata
JAXX150000,青森,Aomori
JAXX160000,札幌,Sapporo
JAXX170000,鹿儿岛,Kagoshima
JAXX180000,那霸,Naha
INXX000000,新德里,Delhi
INXX010000,孟买,Mumbai
INXX020000,加尔各答,Kolkata
INXX030000,布巴内斯瓦尔,Bhubaneswar
INXX040000,维萨卡帕特南,Visakhapatnam
INXX050000,金奈,Chennai
INXX060000,马杜赖,Madurai
INXX070000,班加罗尔,Bangalore
INXX080000,海德拉巴,Hyderabad
INXX090000,那格浦尔,Nagpur
INXX100000,浦那,Pune
INXX110000,苏拉特,Surat
INXX120000,艾哈迈达巴德,Ahmedabad
INXX130000,比卡内尔,Bikaner
INXX140000,卢迪亚纳,Ludhiana
INXX150000,斯利那加,Srinagar
INXX160000,斋浦尔,Jaipur
INXX170000,阿格拉 (泰姬陵),Agra (Taj Mahal)
INXX180000,坎普尔,Kanpur
INXX190000,勒克瑙,Lucknow
INXX200000,巴特那,Patna
INXX210000,英帕尔,Imphal
INXX220000,布莱尔港 (安达曼岛),Port Blair (Andaman)
IDXX000000,雅加达,Jakarta
IDXX010000,万隆,Bandung
IDXX020000,棉兰,Medan
IDXX030000,巴东,Padang
IDXX040000,巨港,Palembang
IDXX050000,三口洋市,Singkawang
IDXX060000,马塔普拉,Martapura
IDXX070000,巴厘巴板,Balikpapan
IDXX080000,望加锡,Makassar
IDXX090000,帕卢,Palu
IDXX100000,哥伦打洛,Gorontalo
IDXX110000,万鸦老,Manado
IDXX120000,曼诺瓦里,Manokwari
IDXX130000,安汶,Ambon
IDXX140000,古邦,Kupang
IDXX150000,丹帕沙 (巴厘岛),Denpasar (Bali)
IDXX160000,泗水,Surabaya
IDXX170000,三宝珑,Semarang
IDXX180000,日惹 (婆罗浮屠),Yogyakarta
MYXX000000,吉隆坡,Kuala Lumpur
MYXX010000,马六甲,Melaka
MYXX020000,槟城,Penang
MYXX030000,怡保,Ipoh
MYXX040000,哥打巴鲁,Kota Bharu
MYXX050000,关丹,Kuantan
MYXX060000,新山,Johor Bahru
MYXX070000,古晋,Kuching
MYXX080000,诗巫 (泗务),Sibu
MYXX090000,民都鲁,Bintulu
MYXX100000,亚庇,Kota Kinabalu
MYXX110000,三打根,Sandakan
KZXX000000,阿斯塔纳,Astana
KZXX010000,卡拉干达,Karaganda
KZXX020000,巴甫洛打尔,Pavlodar
KZXX030000,厄斯克门,Oskemen
KZXX040000,巴尔喀什,Balkhash
KZXX050000,阿拉木图,Almaty
KZXX060000,塔拉兹,Taraz
KZXX070000,克孜勒奥尔达,Kyzylorda
KZXX080000,阿克套,Aktau
KZXX090000,阿特劳,Atyrau
KZXX100000,乌拉尔斯克,Uralsk
KZXX110000,库斯塔奈,Kostanay
KZXX120000,彼得罗巴甫尔,Petropavlovsk
SAXX000000,利雅得,Riyadh
SAXX010000,麦加,Mecca
SAXX020000,吉达,Jeddah
SAXX030000,麦地那,Medina
SAXX040000,塞卡凯,Sakakah
SAXX050000,哈伊勒,Hail
SAXX060000,布赖代,Buraydah
SAXX070000,达曼,Dammam
SAXX080000,胡富夫,Hofuf
SAXX090000,海米斯穆谢特,Kharnis Mushayt
TUXX000000,安卡拉,Ankara
TUXX010000,伊斯坦布尔,Istanbul
TUXX020000,萨姆松,Samsun
TUXX030000,埃尔祖鲁姆,Erzurum
TUXX040000,迪亚巴克尔,Diyarbakir
TUXX050000,阿达纳,Adana
TUXX060000,科尼亚,Konya
TUXX070000,安塔利亚,Antalya
TUXX080000,伊兹密尔,Izmir
TUXX090000,布尔萨,Brusa
IRXX000000,德黑兰,Tehran
IRXX010000,马什哈德,Mashhad
IRXX020000,克尔曼,Kerman
IRXX030000,阿巴斯港,Bandar Abbas
IRXX040000,设拉子,Shiraz
IRXX050000,伊斯法罕,Esfahan
IRXX060000,阿巴丹,Abadan
IRXX070000,大不里士,Tabriz
PKXX000000,伊斯兰堡,Islamabad
PKXX010000,卡拉奇,Karachi
PKXX020000,拉合尔,Lahore
PKXX030000,费萨拉巴德,Faisalabad
PKXX040000,木尔坦,Multan
PKXX050000,海德拉巴,Hyderabad
PKXX060000,奎达,Quetta
PKXX070000,白沙瓦,Peshawar
BGXX000000,达卡,Dhaka
BGXX010000,吉大港,Chittagong
BGXX020000,库尔纳市,Khulna
BGXX030000,博格拉,Bogra
BGXX040000,锡尔赫特市,Sylhet
BMXX000000,内比都,Naypyidaw
BMXX010000,仰光,Yangon
BMXX020000,勃生,Pathein
BMXX030000,曼德勒,Mandalay
BMXX040000,密支那,Myitkyina
BMXX050000,腊戌,Lashio
BMXX060000,勃固,Bago
BMXX070000,毛淡棉,Mawlamyine
BMXX080000,丹老,Myeik
THXX000000,曼谷,Bangkok
THXX010000,清迈,Chiang Mai
THXX020000,乌隆他尼,Udon Thani
THXX030000,呵叻,Nakhon Ratchasima
THXX040000,芭堤雅,Pattaya
THXX050000,普吉,Phuket
THXX060000,苏梅岛,Koh Samui
THXX070000,宋卡,Songkhla
CBXX000000,金边,Phnom Penh
CBXX010000,西哈努克港,Sihanoukville
CBXX020000,马德望,Batdambang
CBXX030000,暹粒市 (吴哥窟),Siemreab
CBXX040000,隆发,Lumphat
VMXX000000,河内,Hanoi
VMXX010000,海防,Haiphong
VMXX020000,顺化,Hue
VMXX030000,岘港,Da Nang
VMXX040000,芽庄,Nha Trang
VMXX050000,胡志明市,Ho Chi Minh
RPXX000000,马尼拉,Manila
RPXX010000,宿务,Cebu
RPXX020000,达沃市,Davao City
RPXX030000,三宝颜,Zamboanga
RPXX040000,普林塞萨港 (公主港),Puerto Princesa
RPXX050000,拉瓦格,Laoag
KSXX000000,首尔,Seoul
KSXX010000,大邱,Daegu
KSXX020000,釜山,Pusan
KSXX030000,济州,Cheju
KSXX040000,光州,Kwangju
KSXX050000,仁川,Incheon
KNXX000000,平壤,Pyongyang
KNXX010000,清津,Ch'ongjin
KNXX020000,咸兴,Hamhung
KNXX030000,元山,Wonsan
KNXX040000,开城,Kaesong
MGXX000000,乌兰巴托,Ulan Bator
MGXX010000,乌里雅苏台,Uliastai
MGXX020000,额尔登特,Erdenet
MGXX030000,达尔汗,Darhan
MGXX040000,乔巴山,Choybalsan
AEXX000000,阿布扎比,Abu Dhabi
AEXX010000,迪拜,Dubai
SNXX000000,新加坡,Singapore
MVXX000000,马累,Male
BXXX000000,斯里巴加湾市 (文莱),Bandar Seri Begawan (Brunei)
TTXX000000,帝力 (东帝汶),Dili (East Timor)
LAXX000000,万象 (老挝),Vientiane (Laos)
LAXX010000,琅勃拉邦 (老挝),Luang Prabang (Laos)
LAXX020000,沙湾拿吉 (老挝),Savannakhet (Laos)
CEXX000000,科伦坡 (斯里兰卡),Colombo (Sri Lanka)
CEXX010000,亭可马里 (斯里兰卡),Trincomalee (Sri Lanka)
BTXX000000,廷布 (不丹),Thimphu (Bhutan)
NPXX000000,加德满都 (尼泊尔),Kathmandu (Nepal)
NPXX010000,博卡拉 (尼泊尔),Pokhara (Nepal)
AFXX000000,喀布尔 (阿富汗),Kabul (Afghanistan)
AFXX010000,坎大哈 (阿富汗),Kandahar (Afghanistan)
AFXX020000,赫拉特 (阿富汗),Herat (Afghanistan)
AFXX030000,马扎里沙里夫 (阿富汗),Mazar-i-Sharif (Afghanistan)
TIXX000000,杜尚别 (塔吉克斯坦),Dushanbe (Tajikistan)
KGXX000000,比什凯克 (吉尔吉斯斯坦),Bishkek (Kyrgyzstan)
KGXX010000,奥什 (吉尔吉斯斯坦),Osh (Kyrgyzstan)
UZXX000000,塔什干 (乌兹别克斯坦),Tashkent (Uzbekistan)
UZXX010000,撒马尔罕 (乌兹别克斯坦),Samarkand (Uzbekistan)
UZXX020000,布哈拉 (乌兹别克斯坦),Bukhara (Uzbekistan)
UZXX030000,乌尔根奇 (乌兹别克斯坦),Urgench (Uzbekistan)
TXXX000000,阿什哈巴德 (土库曼斯坦),Ashgabat (Turkmenistan)
TXXX010000,巴尔坎纳巴德 (土库曼斯坦),Nebit Dag (Turkmenistan)
TXXX020000,马雷 (土库曼斯坦),Mary (Turkmenistan)
TXXX030000,土库曼纳巴德 (土库曼斯坦),Turkmenabat (Turkmenistan)
AJXX000000,巴库 (阿塞拜疆),Baku (Azerbaijan)
AMXX000000,埃里温 (亚美尼亚),Yerevan (Armenia)
GGXX000000,第比利斯 (格鲁吉亚),Tbilisi (Georgia)
KUXX000000,科威特城 (科威特),Kuwait City (Kuwait)
IZXX000000,巴格达 (伊拉克),Baghdad (Iraq)
IZXX010000,巴士拉 (伊拉克),Basrah (Iraq)
IZXX020000,摩苏尔 (伊拉克),Mosul (Iraq)
SYXX000000,大马士革 (叙利亚),Damascus (Syria)
SYXX010000,阿勒颇 (叙利亚),Aleppo (Syria)
CYXX000000,尼科西亚 (塞浦路斯),Nicosia (Cyprus)
LEXX000000,贝鲁特 (黎巴嫩),Beirut (Lebanon)
ISXX000000,耶路撒冷 (以色列、巴勒斯坦),Jerusalem (Israel)
ISXX010000,特拉维夫 (以色列),Tel Aviv (Israel)
JOXX000000,安曼 (约旦),Amman (Jordan)
JOXX010000,佩特拉 (约旦),Petra (Jordan)
BAXX000000,麦纳麦 (巴林),Manama (Bahrain)
QAXX000000,多哈 (卡塔尔),Doha (Qatar)
MUXX000000,马斯喀特 (阿曼),Muscat (Oman)
MUXX010000,塞拉莱 (阿曼),Salalah (Oman)
YMXX000000,萨纳 (也门),SaNaa (Yemen)
YMXX010000,穆卡拉 (也门),Al Mukalla (Yemen)
YMXX020000,亚丁 (也门),Aden (Yemen)
RSXX000000,莫斯科,Moscow
RSXX010000,圣彼得堡,Saint Petersburg
RSXX020000,彼得罗扎沃茨克,Petrozavodsk
RSXX030000,摩尔曼斯克,Murmansk
RSXX040000,阿尔汉格尔斯克,Arkhangelsk
RSXX050000,沃洛格达,Vologda
RSXX060000,下诺夫哥罗德,Nizhny Novgorod
RSXX070000,喀山,Kazan
RSXX080000,基洛夫,Kirov
RSXX090000,瑟克特夫卡尔,Syktyvkar
RSXX100000,沃尔库塔,Vorkuta
RSXX110000,彼尔姆,Perm
RSXX120000,乌法,Ufa
RSXX130000,萨马拉,Samara
RSXX140000,乌里扬诺夫斯克,Ulyanovsk
RSXX150000,萨拉托夫,Saratov
RSXX160000,伏尔加格勒,Volgograd
RSXX170000,阿斯特拉罕,Astrakhan
RSXX180000,马哈奇卡拉,Makhachkala
RSXX190000,索契,Sochi
RSXX200000,克拉斯诺达尔,Krasnodar
RSXX210000,顿河畔罗斯托夫,Rostov-na-Donu
RSXX220000,沃罗涅日,Voronezh
RSXX230000,斯摩棱斯克,Smolensk
RSXX240000,加里宁格勒市,Kaliningrad
RSXX250000,叶卡捷琳堡,Yekaterinburg
RSXX260000,车里雅宾斯克,Chelyabinsk
RSXX270000,秋明,Tyumen
RSXX280000,鄂木斯克,Omsk
RSXX290000,下瓦尔托夫斯克,Nizhnevartovsk
RSXX300000,诺里尔斯克,Norilsk
RSXX310000,新西伯利亚,Novosibirsk
RSXX320000,巴尔瑙尔,Barnaul
RSXX330000,托木斯克,Tomsk
RSXX340000,克麦罗沃,Kemerovo
RSXX350000,新库兹涅茨克,Novokuznetsk
RSXX360000,克拉斯诺亚尔斯克,Krasnoyarsk
RSXX370000,伊尔库茨克,Irkutsk
RSXX380000,乌兰乌德,Ulan-Ude
RSXX390000,赤塔,Chita-Russia
RSXX400000,哈巴罗夫斯克 (伯力),Khabarovsk
RSXX410000,阿穆尔河畔共青城,Komsomolsk-na-Amur
RSXX420000,雅库茨克,Yakutsk
RSXX430000,马加丹,Magadan
RSXX440000,阿纳德尔,Anadyr
RSXX450000,彼得罗巴甫洛夫斯克 (勘察加),Petropavlovsk-Kamchatskiy
RSXX460000,南萨哈林斯克,Yuzhno-Sakhalinsk
RSXX470000,符拉迪沃斯托克 (海参崴),Vladivostok
GMXX000000,柏林,Berlin
GMXX010000,莱比锡,Leipzig
GMXX020000,德累斯顿,Dresden
GMXX030000,纽伦堡,Nurnberg
GMXX040000,慕尼黑,Munchen
GMXX050000,斯图加特,Stuttgart
GMXX060000,法兰克福,Frankfurt
GMXX070000,波恩,Bonn
GMXX080000,科隆,Koln
GMXX090000,杜塞尔多夫,Dusseldorf
GMXX100000,杜伊斯堡,Duisburg
GMXX110000,多特蒙德,Dortmund
GMXX120000,汉诺威,Hannover
GMXX130000,不莱梅,Bremen
GMXX140000,汉堡,Hamburg
UKXX000000,伦敦,London
UKXX010000,南安普敦,Southampton
UKXX020000,普利茅斯,Plymouth
UKXX030000,加的夫,Cardiff
UKXX040000,布里斯托尔,Bristol
UKXX050000,伯明翰,Birmingham
UKXX060000,利物浦,Liverpool
UKXX070000,贝尔法斯特,Belfast 
UKXX080000,格拉斯哥,Glasgow
UKXX090000,阿伯丁,Aberdeen
UKXX100000,爱丁堡,Edinburgh
UKXX110000,曼切斯特,Manchester
UKXX120000,利兹,Leeds
UKXX130000,诺丁汉,Nottingham
UKXX140000,剑桥,Cambridge
UKXX150000,牛津,Oxford
FRXX000000,巴黎,Paris
FRXX010000,里昂,Lyon
FRXX020000,马赛,Marseille
FRXX030000,阿维尼翁,Avignon
FRXX040000,图卢兹,Toulouse
FRXX050000,波尔多,Bordeaux
FRXX060000,里摩日,Limoges
FRXX070000,图尔,Tours
FRXX080000,南特,Nantes
FRXX090000,布雷斯特,Brest
FRXX100000,勒阿弗尔,Le Havre
FRXX110000,里尔,Lille
FRXX120000,梅斯,Metz
FRXX130000,斯特拉斯堡,Strasbourg
FRXX140000,第戎,Dijon
FRXX150000,尼斯,Nice
FRXX160000,戛纳,Cannes
SPXX000000,马德里,Madrid
SPXX010000,萨拉戈萨,Zaragoza
SPXX020000,巴塞罗那,Barcelona
SPXX030000,帕尔马,Palma
SPXX040000,巴伦西亚,Valencia
SPXX050000,托雷维耶哈,Torrevieja
SPXX060000,穆尔西亚,Murcia
SPXX070000,马拉加,Malaga
SPXX080000,塞维利亚,Seville
SPXX090000,拉科鲁尼亚,La Coruna
SPXX100000,毕尔巴鄂,Bilbao
SPXX110000,拉斯帕尔玛斯 (加那利群岛),Las Palmas
ITXX000000,罗马,Rome
ITXX010000,佛罗伦萨,Florence
ITXX020000,比萨,Pisa
ITXX030000,热那亚,Genoa
ITXX040000,都灵,Turin
ITXX050000,米兰,Milan
ITXX060000,威尼斯,Venice
ITXX070000,佩斯卡拉,Pescara
ITXX080000,那不勒斯,Naples
ITXX090000,塔兰托,Taranto
ITXX100000,卡塔尼亚,Catania
ITXX110000,巴勒莫,Palermo
ITXX120000,卡利亚里,Cagliari
GRXX000000,雅典,Athens
GRXX010000,萨罗尼加,Thessaloniki
GRXX020000,伊拉克利翁,Heraklion
ROXX000000,布加勒斯特,Bucharest
ROXX010000,康斯坦察,Constanta
ROXX020000,克拉约瓦,Craiova
ROXX030000,克鲁日-纳波卡,Cluj-Napoca
ROXX040000,巴克乌,Bacau
UPXX000000,基辅,Kiev
UPXX010000,哈尔科夫,Kharkiv
UPXX020000,第聂伯罗彼得罗夫斯克,Dnipropetrovsk
UPXX030000,塞瓦斯托波尔,Sevastopol
UPXX040000,尼古拉耶夫,Nikolayev
UPXX050000,敖德萨,Odessa
UPXX060000,利沃夫,Lvov
BOXX000000,明斯克,Minsk
BOXX010000,维捷布斯克,Vitebsk
BOXX020000,莫吉廖夫,Mahilyow
BOXX030000,戈梅利,Gomel
BOXX040000,格罗德诺,Grodno
PLXX000000,华沙,Warsaw
PLXX010000,罗兹,Lodz
PLXX020000,克拉科夫,Krakow
PLXX030000,卡托维兹,Katowice
PLXX040000,波兹南,Poznan
PLXX050000,什切青,Szczecin
PLXX060000,格但斯克,Gdansk
FIXX000000,赫尔辛基,Helsinki
FIXX010000,图尔库,Turku
FIXX020000,玛丽港,Mariehamn
FIXX030000,坦佩雷,Tampere
FIXX040000,瓦萨,Vaasa
FIXX050000,奥卢,Oulu
FIXX060000,索丹曲莱,Sodankyla
FIXX070000,库奥皮奥,Kuopio
SWXX000000,斯德哥尔摩,Stockholm
SWXX010000,维斯比 (哥得兰岛),Visby
SWXX020000,马尔默,Malmo
SWXX030000,哥德堡,Gothenburg
SWXX040000,穆拉市,Mora
SWXX050000,厄斯特松德,Ostersund
SWXX060000,基律纳,Kiruna
SWXX070000,吕勒奥市,Lulea
SWXX080000,松兹瓦尔,Sundsvall
NOXX000000,奥斯陆,Oslo
NOXX010000,斯塔万格,Stavanger
NOXX020000,卑尔根,Bergen
NOXX030000,特隆赫姆,Trondheim
NOXX040000,摩城,Mo i Rana
NOXX050000,特罗姆瑟,Tromso
NOXX060000,朗伊尔城,Longyearbyen
NLXX000000,阿姆斯特丹,Amsterdam
NLXX010000,鹿特丹,Rotterdam
NLXX020000,乌特勒支,Utrecht
NLXX030000,海牙,The Hague
BEXX000000,布鲁塞尔,Brussels
BEXX010000,安特卫普,Antwerp
SZXX000000,伯尔尼,Berne
SZXX010000,苏黎世,Zurich
SZXX020000,日内瓦,Geneva
SZXX030000,洛桑,Lausanne
AUXX000000,维也纳,Vienna
AUXX010000,格拉茨,Graz
AUXX020000,林茨,Linz
AUXX030000,因斯布鲁克,Innsbruck
ENXX000000,塔林 (爱沙尼亚),Tallinn (Estonia)
LGXX000000,里加 (拉脱维亚),Riga (Latvia)
LHXX000000,维尔纽斯 (立陶宛),Vilnius (Lithuania)
LOXX000000,布拉迪斯拉发 (斯洛伐克),Bratislava (Slovakia)
HUXX000000,布达佩斯 (匈牙利),Budapest (Hungary)
MDXX000000,基希讷乌 (摩尔多瓦),Kishinev (Moldova)
BUXX000000,索菲亚 (保加利亚),Sophia (Bulgaria)
BUXX010000,瓦尔纳 (保加利亚),Varna (Bulgaria)
MKXX000000,斯科普里 (马其顿),Skopje (Macedonia)
ALXX000000,地拉那 (阿尔巴尼亚),Tirana-Al (Albania)
MWXX000000,波德戈里察 (黑山),Podgorica (Montenegro)
SRXX000000,贝尔格莱德 (塞尔维亚),Belgrade (Serbia)
BKXX000000,萨拉热窝 (波斯尼亚黑塞哥维那),Sarajevo (Bosna and Hercegovina)
HRXX000000,萨格勒布 (克罗地亚),Zagreb (Croatia)
SIXX000000,卢布尔雅那 (斯洛文尼亚),Ljubljana (Slovenia)
EZXX000000,布拉格 (捷克),Prague (Czech)
MTXX000000,瓦莱塔 (马耳他),Valletta (Malta)
LSXX000000,瓦杜兹 (列支敦士登),Vaduz (Liechtenstein)
LUXX000000,卢森堡 (卢森堡),Luxembourg (Luxembourg)
DAXX000000,哥本哈根 (丹麦),Copenhagen (Denmark)
DAXX010000,奥胡斯 (丹麦),Aarhus (Denmark)
FOXX000000,托尔斯港 (法罗群岛),Torshavn (Faroelslands)
ICXX000000,雷克雅未克 (冰岛),Reykjavik (Iceland)
ICXX010000,阿克雷里 (冰岛),Akureyri (Iceland)
EIXX000000,都柏林 (爱尔兰),Dublin (Ireland)
EIXX010000,科克 (爱尔兰),Cork (Ireland)
POXX000000,里斯本 (葡萄牙),Lisbon (Portugal)
POXX010000,波尔图 (葡萄牙),Porto (Portugal)
POXX020000,英雄港 (葡萄牙亚速尔群岛),Angra do Heroismo (Portugal)
POXX030000,马希库 (葡萄牙马德拉群岛),Machico (Portugal)
ANXX000000,安道尔 (安道尔),Andorra la Vella (Andorra)
MNXX000000,摩纳哥 (摩纳哥),Monaco (Monaco)
SMXX000000,圣马力诺 (圣马力诺),San Marino (San Marino)
VTXX000000,梵蒂冈城 (梵蒂冈),Vatican City (Vaticano)
GIXX000000,直布罗陀 (英),Gibraltar (Gibraltar)
IMXX000000,道格拉斯 (马恩岛),Douglas (Isle of Man)
USDC000000,华盛顿,Washington
USNY000000,纽约,New York
USPA000000,费城,Philadelphia
USMD000000,巴尔的摩,Baltimore
USVA000000,罗福 (诺福克),Norfolk
USOH000000,哥伦布,Columbus
USOH010000,辛辛那提,Cincinnati
USIN000000,印第安纳波利斯,Indianapolis
USMO000000,圣路易斯,Saint Louis
USIA000000,得梅因,Des Moines
USMN000000,明尼阿波利斯 (明尼苏达圣保罗),Minneapolis
USWI000000,密尔沃基,Milwaukee
USIL000000,芝加哥,Chicago
USMI000000,底特律,Detroit
USOH020000,克里夫兰,Cleveland
USPA010000,匹兹堡,Pittsburgh
USNY010000,尼亚加拉瀑布城,Niagara Falls
USNY020000,奥尔巴尼,Albany
USME000000,班戈,Pittsburgh
USMA000000,波士顿,Boston
USGA000000,亚特兰大,Atlanta
USNC000000,夏洛特,Charlotte
USFL000000,杰克逊维尔,Jacksonville
USFL010000,迈阿密,Miami
USFL020000,坦帕,Tampa
USAL000000,蒙哥马利,Montgomery
USAL010000,伯明翰,Birmingham
USLA000000,新奥尔良,New Orleaans
USAR000000,小石城,Little Rock
USTN000000,孟菲斯,Memphis
USTN010000,纳什维尔,Nashville
USCA000000,旧金山,San Francisco
USCA010000,洛杉矶,Los Angeles
USCA020000,圣地亚哥,San Diego
USCA030000,萨克拉门托,Sacramento
USCA040000,圣何塞,San Jose
USCA050000,山景城,Mountain View
USCA060000,伯克利,Berkeley
USOR000000,波特兰,Portland
USWA000000,西雅图,Seattle
USWA010000,斯波坎,Spokane
USID000000,博伊西,Boise
USWY000000,黄石公园,Yellowstone
USMT000000,西黄石,West Yellowstone
USMT010000,大瀑布城,Great Falls
USND000000,俾斯麦,Bismarck
USKS000000,堪萨斯城,Kansas City
USOK000000,俄克拉荷马城,Oklahoma City
USTX000000,达拉斯,Dallas
USTX010000,休斯敦,Houston
USTX020000,圣安东尼奥,San Antonio
USTX030000,奥斯丁,Austin
USAZ000000,凤凰城 (菲尼克斯),Phoenix
USAZ010000,科罗拉多大峡谷,Grand Canyon
USNV000000,拉斯维加斯,Las Vegas
USUT000000,盐湖城,Salt Lake City
USCO000000,丹佛,Denver
USNM000000,阿尔伯克基,Albuquerque
USAK000000,安克雷奇,Anchorage
USAK010000,费尔班克斯,Fairbanks
USAK020000,朱诺,Juneau
USAK030000,乌纳拉斯卡,Unalaska
USAK040000,诺姆,Nome
USHI000000,火奴鲁鲁 (夏威夷),Honolulu (Hawaii)
CAXX000000,渥太华,Ottawa
CAXX010000,多伦多,Toronto
CAXX020000,温哥华,Vancouver
CAXX030000,鲁伯特王子港,Prince Rupert
CAXX040000,怀特霍斯,Whitehorse
CAXX050000,阿克拉维克 (因纽维克),Aklavik (Inuvik)
CAXX060000,黄刀镇,Yellowknife
CAXX070000,乔治王子城,Prince George
CAXX080000,卡尔加里,Calgary
CAXX090000,埃德蒙顿,Edmonton
CAXX100000,萨斯卡通,Saskatoon
CAXX110000,丘吉尔港,Churchill
CAXX120000,温尼泊,Winnipeg
CAXX130000,桑德贝,Thunder Bay
CAXX140000,苏圣玛丽,Sault Ste Marie
CAXX150000,萨德伯里,Sudbury
CAXX160000,哈密尔顿,Hamilton
CAXX170000,蒙特利尔,Montreal
CAXX180000,魁北克市,Quebec City
CAXX190000,七岛港,Sept-iles
CAXX200000,伊魁特,Iqaluit
CAXX210000,科纳布鲁克,Corner Brook
CAXX220000,圣约翰斯,Saint John
CAXX230000,哈利法克斯,Halifax
CAXX240000,夏洛特敦 (爱德华王子岛),Charlottetown (Prince Edward Island)
MXDF000000,墨西哥城,Mexico City
MXQA000000,克雷塔罗,Queretaro
MXJO000000,瓜达拉哈拉,Guadalajara
MXSA000000,马萨特兰,Mazatlan
MXBS000000,拉巴斯,La Paz
MXBC000000,蒂华纳,Tijuana
MXSR000000,埃莫西约,Hermosillo
MXCA000000,奇瓦瓦市,Chihuahua
MXNL000000,蒙特雷,Monterrey
MXTS000000,坦皮科,Tampico
MXPA000000,普埃布拉,Puebla
MXGR000000,阿卡普尔科,Acapulco
MXCS000000,图斯特拉-古铁雷斯,Tuxtla-Gutierrez
MXYN000000,梅里达,Merida
MXQR000000,坎昆,Cancun
GTXX000000,危地马拉市 (危地马拉),Guatemala City (Guatemala)
BHXX000000,贝尔莫潘 (伯利兹),Belmopan (Belize)
BHXX010000,伯利兹市 (伯利兹),Belize City (Belize)
ESXX000000,圣萨尔瓦多 (萨尔瓦多),San Salvador (Salvador)
HOXX000000,特古西加尔巴 (洪都拉斯),Tegucigalpa (Honduras)
HOXX010000,圣佩德罗苏拉 (洪都拉斯),San Pedro Sula (Honduras)
NUXX000000,马那瓜 (尼加拉瓜),Managua (Nicaragua)
NUXX010000,卡贝萨斯港 (尼加拉瓜),Puerto Cabezas (Nicaragua)
CSXX000000,圣何塞 (哥斯达尼加),San Jose (Costa Rica)
PMXX000000,巴拿马城 (巴拿马),Panama City (Panama)
GLXX000000,戈特霍市 (努克),Gadthab (Nuuk)
GLXX010000,西西缪特,Sisimiut
GLXX020000,凯凯尔塔尔舒瓦克,Qeqertarsuaq
GLXX030000,安马赫夏利克,Angmagssalik
GLXX040000,卡科尔托克,Qaqortoq
CUXX000000,哈瓦那 (古巴),Havana (Cuba)
CUXX010000,圣地亚哥 (古巴),Santiago de Cuba (Cuba)
HAXX000000,太子港 (海地),Port-au-Prince (Haiti)
DRXX000000,圣多明戈 (多米尼加),Santo Domingo (Dominican)
JMXX000000,金斯敦 (牙买加),Kingston (Jamaica)
CJXX000000,乔治市 (开曼群岛),George Town (Cayman Islands)
TKXX000000,普罗维登西亚莱斯岛 (特克斯和凯科斯群岛),Providenciales (Turks and Caicos Islands)
BFXX000000,拿骚 (巴哈马),Nassau (Bahamas)
BDXX000000,哈密尔顿 (百慕大),Hamilton (Bermuda)
SBXX000000,圣皮埃尔市 (圣皮埃尔和密克隆群岛),Saint Pierre (Saint Pierre and Miquelon)
USPR000000,圣胡安 (波多黎各),San Juan (Puerto Rico)
USVI000000,夏洛特阿马利亚 (英属维尔京群岛),Charlotte Amalie (Virgin Islands)
USVI010000,克里斯琴斯特德 (维尔京群岛),Christiansted (Virgin Islands)
AVXX000000,瓦利 (安圭拉岛),The Valley (Anguilla)
SCXX000000,巴斯特尔 (圣基茨和尼维斯),Basseterre (St Kitts and Nevis)
ACXX000000,圣约翰 (安提瓜和巴布达),Saint John (Antigua and Barbuda)
GPXX000000,巴斯特尔 (瓜德罗普岛),Basse-Terre (Guadeloupe)
DOXX000000,罗索 (多米尼克),Roseau (Dominica)
MBXX000000,法兰西堡 (马提尼克岛),Fort de france (Martinique)
STXX000000,卡斯特里 (圣卢西亚),Castries (Saint Lucia)
VCXX000000,金斯敦 (圣文森特和格林纳丁斯),Kingstown (Saint Vincent and the Grenadines)
BBXX000000,布里奇敦 (巴巴多斯),Bridgetown (Barbados)
GJXX000000,圣乔治 (格林纳达),Saint George's (Grenada)
TDXX000000,西班牙港 (特立尼达和多巴哥),Spain (Trinidad and Tobago)
AAXX000000,奥拉涅斯塔德 (阿鲁巴岛),Oranjestad (Aruba)
BRXX000000,巴西利亚,Brasilia
BRXX010000,圣保罗,Sao Paulo
BRXX020000,库里奇巴,Curitiba
BRXX030000,阿雷格里港,Porto Alegre
BRXX040000,伊瓜苏 (瀑布),Foz do Iguacu
BRXX050000,大坎普市,Campo Grande
BRXX060000,库亚巴,Cuiaba
BRXX070000,里奥布朗库,Rio Branco
BRXX080000,特费,Tefe
BRXX090000,马瑙斯,Manaus
BRXX100000,博阿维斯塔 (保艾佩蓝卡),Boa Vista
BRXX110000,圣塔伦,Santarem
BRXX120000,贝伦,Belem
BRXX130000,因佩拉特里斯,Imperatriz
BRXX140000,圣路易斯,Sao Luis
BRXX150000,特雷西纳,Teresina
BRXX160000,福塔雷萨,Fortaleza
BRXX170000,累西腓,Recife
BRXX180000,萨尔瓦多,Salvador-Brazil
BRXX190000,里约热内卢,Rio de Janeiro
BRXX200000,贝洛奥里藏特,Belo Horizonte
BRXX210000,戈亚尼亚,Goiania
BRXX220000,帕尔马斯,Palmas
ARBA000000,布宜诺斯艾利斯,Buenos Aires
ARSF000000,罗萨里奥,Rosario
ARCT000000,科尔瓦多,Corcovado
ARMA000000,门多萨,Mendoza
ARTN000000,圣米格尔-德图库曼,San Miguel de Tucuman
ARSA000000,萨尔塔,Salta
ARCO000000,雷西斯滕西亚,Resistencia
ARBA010000,马德普拉港,Mar del Plata
ARBA020000,布兰卡港,Bahia Blanca
ARRN000000,内乌肯,Neuquen
ARCT010000,里瓦达维亚准将城,Comodoro Rivadavia
ARSC000000,里奥加耶戈斯,Rio Gallegos
ARTF000000,乌斯怀亚,Ushuaia
VEXX000000,加拉加斯,Caracas
VEXX010000,巴塞罗纳,Barcelona
VEXX020000,圭亚那城,Ciudad Guayana
VEXX030000,玻利瓦尔城,Ciudad Bolivar
VEXX040000,阿亚库乔港,Puerto Ayacucho
VEXX050000,巴里纳斯,Barinas
VEXX060000,马拉开波,Maracaibo
VEXX070000,巴基西梅托,Barquisimeto
VEXX080000,巴伦西亚,Valencia
COXX000000,圣菲波哥大,Santa Fe de Bogota
COXX010000,卡利,Cali
COXX020000,麦德林,Medellin
COXX030000,蒙特里亚,Monteria
COXX040000,卡塔赫纳,Cartagena
COXX050000,巴兰基亚,Barranquilla
COXX060000,布卡拉曼加,Bucaramanga
PEXX000000,利马,Lima
PEXX010000,特鲁希略,Trujillo
PEXX020000,皮乌拉,Piura
PEXX030000,伊基托斯,Iquitos
PEXX040000,普兰尔帕,Pucallpa
PEXX050000,马丘比丘 (古城),Machu Picchu
PEXX060000,库斯科,Cuzco
PEXX070000,阿雷基帕,Arequipa
BLXX000000,苏克雷,Sucre
BLXX010000,拉巴斯,La Paz
BLXX020000,科恰班巴,Cochabamba
BLXX030000,圣克鲁斯,Santa Cruz
BLXX040000,塔里哈,Tarija
CIXX000000,圣地亚哥,Santiago
CIXX010000,瓦尔帕莱索,Valparaiso
CIXX020000,安多法加斯大,Antofagasta
CIXX030000,伊基克,Iquique
CIXX040000,康塞普西翁,Concepcion
CIXX050000,蒙特港,Puerto Montt
CIXX060000,蓬塔阿雷纳斯,Punta Arenas
ECXX000000,基多 (厄瓜多尔),Quito (Ecuador)
ECXX010000,瓜亚基尔 (厄瓜多尔),Guayaquil (Ecuador)
GYXX000000,乔治敦 (圭亚那),Georgetown (Guyana)
NSXX000000,帕拉马里博 (苏里南),Paramaribo (Surinam)
FGXX000000,卡宴 (法属圭亚那),Cayenne (French Guiana)
UYXX000000,蒙得维的亚 (乌拉圭),Montevideo (Uruguay)
PAXX000000,亚松森 (巴拉圭),Asuncion (Paraguay)
FKXX000000,斯坦利港 (福克兰群岛/马尔维纳斯群岛),Stanley (Falkland Islands/Islas Malvinas)
SFXX000000,比勒陀利亚,Pretoria
SFXX010000,约翰内斯堡,Johannesburg
SFXX020000,德班,Durban
SFXX030000,伊丽莎白港,Port Elizabeth
SFXX040000,开普敦,Cape Town
SFXX050000,博福特西,Beaufort West
SFXX060000,阿平顿,Upington
SFXX070000,布隆方丹,Bloemfontein
EGXX000000,开罗,Cairo
EGXX010000,亚历山大港,Alexandria
EGXX020000,苏伊士,Suez
EGXX030000,沙姆沙伊赫,Sharm el Sheikh
EGXX040000,基纳,Qena
EGXX050000,路克索,Luxor
EGXX060000,阿斯旺,Aswan
LYXX000000,的黎波里,Tripoli
LYXX010000,米苏拉塔,Misratah
LYXX020000,班加西,Benghazi
LYXX030000,图卜鲁格,Tobruk
LYXX040000,拾哈,Sabha
TSXX000000,突尼斯,Tunis
TSXX010000,斯法克斯,Sfax
AGXX000000,阿尔及尔,Algiers
AGXX010000,瓦赫兰 (奥兰),Oran
AGXX020000,君士坦丁,Constantine
AGXX030000,图古尔特,Touggourt
AGXX040000,塔曼拉塞特,Tamanrasset
AGXX050000,阿德拉尔,Adrar
AGXX060000,贝沙尔,Bechar
AGXX070000,拉格瓦特,Laghouat
MOXX000000,拉巴特,Rabat
MOXX010000,卡萨布兰卡 (达尔贝达),Casablanca
MOXX020000,马拉喀什,Marrakech
MOXX030000,阿加迪尔,Agadir
MOXX040000,丹吉尔,Tangier
MOXX050000,纳祖尔,Nador
MOXX060000,菲斯 (福兹),Fez
MRXX000000,努瓦克肖特,Nouakchott
MRXX010000,努瓦迪布,Nouadhibou
MRXX020000,基法,Kiffa
MLXX000000,巴马科,Bamako
MLXX010000,卡伊,Kayes
MLXX020000,塞古,Segou
MLXX030000,莫普提,Mopti
MLXX040000,加奥,Gao
NGXX000000,尼亚美,Niamey
NGXX010000,塔瓦,Tahoua
NGXX020000,阿加德兹,Agadez
NGXX030000,津德尔,Zinder
NIXX000000,阿布贾,Abuja
NIXX010000,哈科特港,Port Harcourt
NIXX020000,拉哥斯,Lagos
NIXX030000,伊巴丹,Ibadan
NIXX040000,索科托,Sokoto
NIXX050000,卡诺,Kano
NIXX060000,迈杜古里,Maiduguri
SUXX000000,喀土穆,Khartoum
SUXX010000,阿特巴拉,Atbara
SUXX020000,苏丹港,Port Sudan
SUXX030000,加达里夫,Al Qadarif
SUXX040000,欧拜伊德,Al-Ubayyid
SUXX050000,尼亚拉,Nyala
ETXX000000,亚的斯亚贝巴,Addis Abeba
ETXX010000,德雷达瓦,Dire Dawa
ETXX020000,阿瓦萨,Hawassa
ETXX030000,戈雷,Gore
ETXX040000,贡德尔,Gondar
ETXX050000,默克莱,Mek'ele
CGXX000000,金沙萨,Kinshasa
CGXX010000,姆班达卡,Mbandaka
CGXX020000,基桑加尼,Kisangani
CGXX030000,卢本巴希,Lubumbashi
CGXX040000,科卢韦齐,Kolwezi
CGXX050000,姆布吉马伊,Mbuji-Mayi
AOXX000000,罗安达,Luanda
AOXX010000,马兰热,Malanje
AOXX020000,万博,Huambo
AOXX030000,卢班戈,Lubango
AOXX040000,本格拉,Benguela
AOXX050000,洛比托港,Lobito
ZAXX000000,卢萨卡,Lusaka
ZAXX010000,利文斯通 (维多利亚瀑布),Livingstone
ZAXX020000,基特韦,Kitwe
ZAXX030000,恩多拉,Ndola
ZAXX040000,卡萨马,Kasama
TZXX000000,达累斯萨拉姆,Dar es Salaam
TZXX010000,姆特瓦拉,Mtwara
TZXX020000,姆贝亚,Mbeya
TZXX030000,基戈马,Kigoma
TZXX040000,姆万扎,Mwanza
TZXX050000,多多马,Dodoma
TZXX060000,坦噶,Tanga
TZXX070000,桑给巴尔岛,Zanzibar
MZXX000000,马普托,Maputo
MZXX010000,马希谢,Maxixe
MZXX020000,贝拉,Beira
MZXX030000,楠普拉,Nampula
MZXX040000,莫桑比克港,Mozambique Port
MAXX000000,塔那那利佛,Antananarivo
MAXX010000,马哈赞加,Mahajanga
MAXX020000,安齐拉纳纳,Antsiranana
MAXX030000,图阿马西纳,Toamasina
MAXX040000,法拉凡加纳,Farafangana
MAXX050000,图莱亚尔 (图利亚拉),Toliara
MPXX000000,路易港,Port Louis
SEXX000000,维多利亚 (塞舌尔),Victoria (Seychelles)
ERXX000000,阿斯马拉 (厄立特里亚),Asmara (Eritrea)
DJXX000000,吉布提 (吉布提),Djibouti (Djibouti)
SOXX000000,摩加迪沙 (索马里),Mogadishu (Somalia)
SOXX010000,基斯马尤 (索马里),Kismaayo (Somalia)
SOXX020000,哈尔格萨 (索马里),Hargeisa (Somalia)
SOXX030000,博萨索 (索马里),Boosaaso (Somalia)
KEXX000000,内罗毕 (肯尼亚),Nairobi (Kenya)
KEXX010000,基苏木 (肯尼亚),Kisumu (Kenya)
KEXX020000,蒙巴萨 (肯尼亚),Mombasa (Kenya)
UGXX000000,坎帕拉 (乌干达),Kampala (Uganda)
RWXX000000,基加利 (卢旺达),Kigali (Rwanda)
BYXX000000,布琼布拉 (布隆迪),Bujumbura (Burundi)
CTXX000000,班基 (中非),Bangui (Central Africa)
CTXX010000,布阿尔 (中非),Bouar (Central Africa)
CTXX020000,班巴里 (中非),Bambari (Central Africa)
CFXX000000,布拉柴维尔 (刚果布),Brazzaville (Congo)
CFXX010000,卢博莫 (刚果布),Loubomo (Republic Of The Congo)
CFXX020000,黑角 (刚果布),Pointe-Noire (Republic Of The Congo)
GBXX000000,利伯维尔 (加蓬),Libreville (Gabon)
GBXX010000,弗朗斯维尔 (加蓬),Franceville (Gabon)
GBXX020000,谦蒂尔港 (加蓬),Port Gentil (Gabon)
TPXX000000,圣多美 (圣多美和普林西比),Sao Tome (Sao Tome and Principe)
EKXX000000,马拉博 (赤道几内亚),Malabo (Equatorial Guinea)
EKXX010000,巴塔 (赤道几内亚),Bata (Equatorial Guinea)
CMXX000000,雅温得 (喀麦隆),Yaounde (Cameroon)
CMXX010000,杜阿拉 (喀麦隆),Douala (Cameroon)
CMXX020000,加鲁阿 (喀麦隆),Garoua (Cameroon)
CDXX000000,恩贾梅纳 (乍得),Ndjamena (Chad)
CDXX010000,阿贝歇 (乍得),Abeche (Chad)
CDXX020000,多巴 (乍得),Doba (Chad)
CDXX030000,蒙杜 (乍得),Moundou (Chad)
CNXX000000,莫罗尼 (科摩罗),Moroni-Comoros (Comoros)
MFXX000000,马穆楚 (马约特岛),Mamoudzou (Mayotte)
REXX000000,圣但尼 (留尼汪岛),Saint-Denis (Reunion)
FSXX000000,法兰西港 (法国南部和南极土地),Port Aux Francais (French Southem And Autarctic Lands)
MIXX000000,利隆圭 (马拉维),Lilongwe (Malawi)
MIXX010000,布兰太尔 (马拉维),Blantyre (Malawi)
ZIXX000000,哈拉雷 (津巴布韦),Harare (Zimbabwe)
ZIXX010000,布拉瓦约 (津巴布韦),Bulawayo (Zimbabwe)
WZXX000000,姆巴巴内 (斯威士兰),Mbabane (Swaziland)
LTXX000000,马塞卢 (莱索托),Maseru (Lesotho)
BCXX000000,哈博罗内 (博茨瓦纳),Gaborone (Botswana)
BCXX010000,马翁 (博茨瓦纳),Maun (Botswana)
BCXX020000,弗朗西斯敦 (博茨瓦纳),Francistown (Botswana)
WAXX000000,温得和克 (纳米比亚),Windhoek (Namibia)
WAXX010000,基特曼斯胡普 (纳米比亚),Keetmanshoop (Namibia)
WAXX020000,鲸湾港 (纳米比亚),Walvis Bay (Namibia)
WAXX030000,赫鲁特方舟 (纳米比亚),Grootfontein (Namibia)
SHXX000000,詹姆斯敦 (圣赫勒拿岛),Jamestown (St Helena)
BNXX000000,波多诺伏 (贝宁),Porto-Novo (Benin)
TOXX000000,洛美 (多哥),Lome (Togo)
GHXX000000,阿克拉 (加纳),Accra (Ghana)
GHXX010000,库马西 (加纳),Kumasi (Ghana)
GHXX020000,塔马利 (加纳),Tamale (Ghana)
UVXX000000,瓦加杜古 (布基纳法索),Ouagadougou (Burkina Faso)
UVXX010000,博博迪乌拉索 (布基纳法索),Bobo-Dioulasso (Burkina Faso)
IVXX000000,亚穆苏克罗 (科特迪瓦),Yamoussoukro (Ivory Coast)
IVXX010000,阿比让 (科特迪瓦),Abidjan (Ivory Coast)
IVXX020000,科霍戈 (科特迪瓦),Korhogo (Ivory Coast)
LIXX000000,摩罗维亚 (利比里亚),Monrovia (Liberia)
SLXX000000,弗里敦 (塞拉利昂),Freetown (Sierra Leone)
GVXX000000,科纳克里 (几内亚),Conakry (Guinea)
GVXX010000,康康省 (几内亚),Kankan (Guinea)
PUXX000000,比绍 (几内亚比绍),Bissau (Guinea-Bissau)
GAXX000000,班珠尔 (冈比亚),Banjul (Gambia)
SGXX000000,达喀尔 (塞内加尔),Dakar (Senegal)
SGXX010000,坦巴昆达 (塞内加尔),Tambacounda (Senegal)
CVXX000000,普利亚县 (佛得角),Praia (Cape Verde)
WIXX000000,达赫拉 (西撒哈拉),Dakhla (Western Sahara)
WIXX010000,阿尤恩 (西撒哈拉),Laayoune (Western Sahara)
ASXX000000,堪培拉,Canberra
ASXX010000,悉尼,Sydney
ASXX020000,墨尔本,Melbourne
ASXX030000,米尔迪拉,Mildura
ASXX040000,阿德莱德,Adelaide
ASXX050000,奥古斯塔港,Port Augusta
ASXX060000,林肯港,Port Lincoln
ASXX070000,卡尔古利,Kalgoorlie
ASXX080000,奥尔巴尼,Albany
ASXX090000,珀斯,Perth
ASXX100000,杰拉尔顿,Geraldton
ASXX110000,黑德兰港,Port Hedland
ASXX120000,达尔文,Darwin
ASXX130000,爱丽斯泉,Alice Springs
ASXX140000,伊萨山市,Mount Isa
ASXX150000,汤斯维尔,Townsville
ASXX160000,罗克汉普顿,Rockhampton
ASXX170000,布里斯班,Brisbane
ASXX180000,黄金海岸,Gold Coast
ASXX190000,荷巴特,Hobart
NZXX000000,惠灵顿,Wellington
NZXX010000,科赖斯特切奇 (基督城),Christchurch
NZXX020000,因弗卡吉尔,Invercargill
NZXX030000,皇后镇,Queenstown
NZXX040000,奥克兰,Auckland
NZXX050000,内皮尔,Napier
NZXX060000,查塔姆群岛,Chatham Islands
PPXX000000,莫尔兹比港,Port Moresby
PPXX010000,芒特哈根,Mt Hagen
PPXX020000,莱城,Lae
PPXX030000,金贝,Kimbe
PPXX040000,卡维恩,Kavieng
USMP000000,塞班,Saipan
USGU000000,阿加尼亚 (关岛),Agana (Guam)
NRXX000000,亚伦 (瑙鲁),Yaren (Nauru)
KRXX000000,塔拉瓦 (基里巴斯),Tarawa (Kiribati)
KRXX010000,圣诞岛 (基里巴斯),Christmas Island (Kiribati)
TVXX000000,富纳富提 (图瓦卢),Funafuti (Tuvalu)
WSXX000000,阿皮亚 (萨摩亚),Apia (Samoa)
USAS000000,帕果帕果 (美属萨摩亚),Pago Pago (American Samoa)
FPXX000000,帕皮提 (大溪地),Papeete (Tahiti)
CWXX000000,阿瓦鲁阿 (库克群岛),Avarua (Cook Islands)
TNXX000000,努库阿洛法 (汤加),Nukualofa (Tonga)
FJXX000000,苏瓦 (斐济群岛),Suva (Fiji Islands)
NFXX000000,金斯敦 (诺福克岛),Kingston (Norfolk Island)
NCXX000000,努美阿 (新喀里多尼亚),Noumea (New Caledonia)
NHXX000000,维拉港 (瓦努阿图),Port Vila (Vanuatu)
BPXX000000,霍尼亚拉 (所罗门群岛),Honiara (Solomon Islands)
KTXX000000,圣诞岛 (圣诞岛),Christmas Island (Christmas Island)
CHBJ000100,海淀,Haidian
CHBJ000200,朝阳,Chaoyang
CHBJ000300,顺义,Shunyi
CHBJ000400,怀柔,Huairou
CHBJ000500,通州,Tongzhou
CHBJ000600,昌平,Changping
CHBJ000700,延庆,Yanqing
CHBJ000800,丰台,Fengtai
CHBJ000900,石景山,Shijingshan
CHBJ001000,大兴,Daxing
CHBJ001100,房山,Fangshan
CHBJ001200,密云,Miyun
CHBJ001300,门头沟,Mentougou
CHBJ001400,平谷,Pinggu
CHSH000100,闵行,Minhang
CHSH000200,宝山,Baoshan
CHSH000300,嘉定,Jiading
CHSH000400,浦东南汇,Pudongnanhui
CHSH000500,金山,Jinshan
CHSH000600,青浦,Qingpu
CHSH000700,松江,Songjiang
CHSH000800,奉贤,Fengxian
CHSH000900,崇明,Chongming
CHSH001000,徐家汇,Xujiahui
CHSH001100,浦东,Pudong
CHTJ000100,武清,Wuqing
CHTJ000200,宝坻,Baodi
CHTJ000300,东丽,Dongli
CHTJ000400,西青,Xiqing
CHTJ000500,北辰,Beichen
CHTJ000600,宁河,Ninghe
CHTJ000700,汉沽,Hangu
CHTJ000800,静海,Jinghai
CHTJ000900,津南,Jinnan
CHTJ001000,塘沽,Tanggu
CHTJ001100,大港,Dagang
CHTJ001200,蓟县,Jixian
CHCQ000100,永川,Yongchuan
CHCQ000200,合川,Hechuan
CHCQ000300,南川,Nanchuan
CHCQ000400,江津,Jiangjin
CHCQ000500,万盛,Wansheng
CHCQ000600,渝北,Yubei
CHCQ000700,北碚,Beibei
CHCQ000800,巴南,Banan
CHCQ000900,长寿,Changshou
CHCQ001000,黔江,Qianjiang
CHCQ001100,万州,Wanzhou
CHCQ001200,涪陵,Fuling
CHCQ001300,开县,Kaixian
CHCQ001400,城口,Chengkou
CHCQ001500,云阳,Yunyang
CHCQ001600,巫溪,Wuxi
CHCQ001700,奉节,Fengjie
CHCQ001800,巫山,Wushan
CHCQ001900,潼南,Tongnan
CHCQ002000,垫江,Dianjiang
CHCQ002100,梁平,Liangping
CHCQ002200,忠县,Zhongxian
CHCQ002300,石柱,Shizhu
CHCQ002400,大足,Dazu
CHCQ002500,荣昌,Rongchang
CHCQ002600,铜梁,Tongliang
CHCQ002700,璧山,Bishan
CHCQ002800,丰都,Fengdu
CHCQ002900,武隆,Wulong
CHCQ003000,彭水,Pengshui
CHCQ003100,綦江,Qijiang
CHCQ003200,酉阳,Youyang
CHCQ003300,秀山,Xiushan
CHHK000100,九龙,Kowloon
CHHK000200,新界,New Territories
CHMO000100,胱械,Taipa Island
CHMO000200,路环岛,Coloane
CHTW000100,桃园,Taoyuan
CHTW000200,新竹,Xinzhu
CHTW000300,宜兰,Yilan
CHTW010100,嘉义,Jiayi
CHTW010200,台南,Tainan
CHTW010300,台东,Taidong
CHTW010400,屏东,Pingdong
CHTW020100,苗栗,Miaoli
CHTW020200,彰化,Zhanghua
CHTW020300,南投,Nantou
CHTW020400,花莲,Hualian
CHTW020500,云林,Yunlin
CHHL000100,双城,Shuangcheng
CHHL000200,呼兰,Hulan
CHHL000300,阿城,Acheng
CHHL000400,宾县,Binxian
CHHL000500,依兰,Yilan
CHHL000600,巴彦,Bayan
CHHL000700,通河,Tonghe
CHHL000800,方正,Fangzheng
CHHL000900,延寿,Yanshou
CHHL001000,尚志,Shangzhi
CHHL001100,五常,Wuchang
CHHL001200,木兰,Mulan
CHHL010100,讷河,Nehe
CHHL010200,龙江,Longjiang
CHHL010300,甘南,Gannan
CHHL010400,富裕,Fuyu
CHHL010500,依安,Yian
CHHL010600,拜泉,Baiquan
CHHL010700,克山,Keshan
CHHL010800,克东,Kedong
CHHL010900,泰来,Tailai
CHHL020100,海林,Hailin
CHHL020200,穆棱,Muling
CHHL020300,林口,Linkou
CHHL020400,绥芬河,Suifenhe
CHHL020500,宁安,Ningan
CHHL020600,东宁,Dongning
CHHL030100,汤原,Tangyuan
CHHL030200,抚远,Fuyuan
CHHL030300,桦川,Huachuan
CHHL030400,桦南,Huanan
CHHL030500,同江,Tongjiang
CHHL030600,富锦,Fujin
CHHL040100,肇东,Zhaodong
CHHL040200,安达,Anda
CHHL040300,海伦,Hailun
CHHL040400,明水,Mingshui
CHHL040500,望奎,Wangkui
CHHL040600,兰西,Lanxi
CHHL040700,青冈,Qinggang
CHHL040800,庆安,Qingan
CHHL040900,绥棱,Suiling
CHHL050100,嫩江,Nenjiang
CHHL050200,孙吴,Sunwu
CHHL050300,逊克,Xunke
CHHL050400,五大连池,Wudalianchi
CHHL050500,北安,Beian
CHHL060100,塔河,Tahe
CHHL060200,漠河,Mohe
CHHL060300,呼玛,Huma
CHHL060400,呼中,Huzhong
CHHL060500,新林,Xinlin
CHHL060600,加格达奇,Jiagedaqi
CHHL070100,乌伊岭,Wuyiling
CHHL070200,五营,Wuying
CHHL070300,铁力,Tieli
CHHL070400,嘉荫,Jiayin
CHHL080100,林甸,Lindian
CHHL080200,肇州,Zhaozhou
CHHL080300,肇源,Zhaoyuan
CHHL080400,杜尔伯特,Duerbote
CHHL090100,勃利,Boli
CHHL100100,虎林,Hulin
CHHL100200,密山,Mishan
CHHL100300,鸡东,Jidong
CHHL110100,绥滨,Suibin
CHHL110200,萝北,Luobei
CHHL120100,集贤,Jixian
CHHL120200,宝清,Baoqing
CHHL120300,饶河,Raohe
CHHL120400,友谊,Youyi
CHJL000100,农安,Nongan
CHJL000200,德惠,Dehui
CHJL000300,九台,Jiutai
CHJL000400,榆树,Yushu
CHJL000500,双阳,Shuangyang
CHJL010100,舒兰,Shulan
CHJL010200,永吉,Yongji
CHJL010300,蛟河,Jiaohe
CHJL010400,磐石,Panshi
CHJL010500,桦甸,Huadian
CHJL020100,敦化,Dunhua
CHJL020200,安图,Antu
CHJL020300,汪清,Wangqing
CHJL020400,和龙,Helong
CHJL020500,龙井,Longjing
CHJL020600,珲春,Hunchun
CHJL020700,图们,Tumen
CHJL030100,双辽,Shuangliao
CHJL030200,梨树,Lishu
CHJL030300,公主岭,Gongzhuling
CHJL030400,伊通,Yitong
CHJL040100,梅河口,Meihekou
CHJL040200,柳河,Liuhe
CHJL040300,辉南,Huinan
CHJL040400,集安,Jian
CHJL040500,通化县,Tonghuaxian
CHJL050100,洮南,Taonan
CHJL050200,大安,Daan
CHJL050300,镇赉,Zhenlai
CHJL050400,通榆,Tongyu
CHJL060100,东丰,Dongfeng
CHJL060200,东辽,Dongliao
CHJL070100,乾安,Qianan
CHJL070200,前郭,Qianguo
CHJL070300,长岭,Changling
CHJL070400,扶余,Fuyu
CHJL080100,靖宇,Jingyu
CHJL080200,临江,Linjiang
CHJL080300,东岗,Donggang
CHJL080400,长白,Changbai
CHJL080500,抚松,Fusong
CHJL080600,江源,Jiangyuan
CHLN000100,辽中,Liaozhong
CHLN000200,康平,Kangping
CHLN000300,法库,Faku
CHLN000400,新民,Xinmin
CHLN010100,瓦房店,Wafangdian
CHLN010200,金州,Jinzhou
CHLN010300,普兰店,Pulandian
CHLN010400,旅顺,Lvshun
CHLN010500,长海,Changhai
CHLN010600,庄河,Zhuanghe
CHLN020100,台安,Taian
CHLN020200,岫岩,Xiuyan
CHLN020300,海城,Haicheng
CHLN030100,新宾,Xinbin
CHLN030200,清原,Qingyuan
CHLN030300,章党,Zhangdang
CHLN040100,本溪县,Benxixian
CHLN040200,桓仁,Huanren
CHLN050100,凤城,Fengcheng
CHLN050200,宽甸,Kuandian
CHLN050300,东港,Donggang
CHLN060100,凌海,Linghai
CHLN060200,义县,Yixian
CHLN060300,黑山,Heishan
CHLN060400,北镇,Beizhen
CHLN070100,大石桥,Dashiqiao
CHLN070200,盖州,Gaizhou
CHLN080100,彰武,Zhangwu
CHLN090100,辽阳县,Liaoyangxian
CHLN090200,灯塔,Dengta
CHLN090300,弓长岭,Gongchangling
CHLN100100,开原,Kaiyuan
CHLN100200,昌图,Changtu
CHLN100300,西丰,Xifeng
CHLN100400,调兵山,Diaobingshan
CHLN110100,凌源,Lingyuan
CHLN110200,喀左,Kazuo
CHLN110300,北票,Beipiao
CHLN110400,建平县,Jianpingxian
CHLN120100,大洼,Dawa
CHLN120200,盘山,Panshan
CHLN130100,建昌,Jianchang
CHLN130200,绥中,Suizhong
CHLN130300,兴城,Xingcheng
CHNM000100,土左旗,Tuzuoqi
CHNM000200,托县,Tuoxian
CHNM000300,和林,Helin
CHNM000400,清水河,Qingshuihe
CHNM000500,呼市郊区,Hushijiaoqu
CHNM000600,武川,Wuchuan
CHNM010100,白云鄂博,Baiyunebo
CHNM010200,满都拉,Mandula
CHNM010300,土右旗,Tuyouqi
CHNM010400,固阳,Guyang
CHNM010500,达茂旗,Damaoqi
CHNM010600,希拉穆仁,Xilamuren
CHNM030100,卓资,Zhuozi
CHNM030200,化德,Huade
CHNM030300,商都,Shangdu
CHNM030400,兴和,Xinghe
CHNM030500,凉城,Liangcheng
CHNM030600,察右前旗,Chayouqianqi
CHNM030700,察右中旗,Chayouzhongqi
CHNM030800,察右后旗,Chayouhouqi
CHNM030900,四子王旗,Siziwangqi
CHNM031000,丰镇,Fengzhen
CHNM040100,舍伯吐,Shebotu
CHNM040200,科左中旗,Kezuozhongqi
CHNM040300,科左后旗,Kezuohouqi
CHNM040400,青龙山,Qinglongshan
CHNM040500,开鲁,Kailu
CHNM040600,库伦,Kulun
CHNM040700,奈曼,Naiman
CHNM040800,扎鲁特,Zhalute
CHNM040900,巴雅尔吐胡硕,Bayaertuhushuo
CHNM041000,霍林郭勒,Huolinguole
CHNM050100,阿鲁旗,Aluqi
CHNM050200,浩尔吐,Haoertu
CHNM050300,巴林左旗,Balinzuoqi
CHNM050400,巴林右旗,Balinyouqi
CHNM050500,林西,Linxi
CHNM050600,克什克腾,Keshiketeng
CHNM050700,翁牛特,Wengniute
CHNM050800,岗子,Gangzi
CHNM050900,喀喇沁,Kalaqin
CHNM051000,八里罕,Balihan
CHNM051100,宁城,Ningcheng
CHNM051200,敖汉,Aohan
CHNM051300,宝国吐,Baoguotu
CHNM060100,达拉特,Dalate
CHNM060200,准格尔,Zhungeer
CHNM060300,鄂前旗,Eqianqi
CHNM060400,河南,Henan
CHNM060500,伊克乌素,Yikewusu
CHNM060600,鄂托克,Etuoke
CHNM060700,杭锦旗,Hangjinqi
CHNM060800,乌审旗,Wushenqi
CHNM060900,伊金霍洛,Yijinhuoluo
CHNM061000,乌审召,Wushenzhao
CHNM061100,东胜,Dongsheng
CHNM070100,五原,Wuyuan
CHNM070200,磴口,Dengkou
CHNM070300,乌前旗,Wuqianqi
CHNM070400,大佘太,Dashetai
CHNM070500,乌中旗,Wuzhongqi
CHNM070600,乌后旗,Wuhouqi
CHNM070700,海力素,Hailisu
CHNM070800,那仁宝力格,Narenbaolige
CHNM070900,杭锦后旗,Hangjinhouqi
CHNM080100,二连浩特,Erlianhaote
CHNM080200,阿巴嘎,Abaga
CHNM080300,苏左旗,Suzuoqi
CHNM080400,苏右旗,Suyouqi
CHNM080500,朱日和,Zhurihe
CHNM080600,东乌旗,Dongwuqi
CHNM080700,西乌旗,Xiwuqi
CHNM080800,太仆寺,Taibusiqi
CHNM080900,镶黄旗,Xianghuang
CHNM081000,正镶白旗,Zhengxiangbaiqi
CHNM081100,正蓝旗,Zhenglanqi
CHNM081200,多伦,Duolun
CHNM081300,博克图,Boketu
CHNM081400,乌拉盖,Wulagai
CHNM090100,小二沟,Xiaoergou
CHNM090200,阿荣旗,Arongqi
CHNM090300,莫力达瓦,Molidawa
CHNM090400,鄂伦春旗,Elunchunqi
CHNM090500,鄂温克旗,Ewenkeqi
CHNM090600,陈旗,Chenqi
CHNM090700,新左旗,Xinzuoqi
CHNM090800,新右旗,Xinyouqi
CHNM090900,满洲里,Manzhouli
CHNM091000,牙克石,Yakeshi
CHNM091100,扎兰屯,Zhalantun
CHNM091200,额尔古纳,Eerguna
CHNM091300,根河,Genhe
CHNM091400,图里河,Tulihe
CHNM100100,高力板,Gaoliban
CHNM100200,阿尔山,Aershan
CHNM100300,科右中旗,Keyouzhongqi
CHNM100400,胡尔勒,Huerle
CHNM100500,扎赉特,Zhalaite
CHNM100600,索伦,Suolun
CHNM100700,突泉,Tuquan
CHNM100800,科右前旗,Keyouqianqi
CHNM110100,阿右旗,Ayouqi
CHNM110200,额济纳,Ejina
CHNM110300,拐子湖,Guaizihu
CHNM110400,吉兰太,Jilantai
CHNM110500,锡林高勒,Xilingaole
CHNM110600,头道湖,Toudaohu
CHNM110700,中泉子,Zhongquanzi
CHNM110800,诺尔公,Nuoergong
CHNM110900,雅布赖,Yabulai
CHNM111000,乌斯泰,Wusitai
CHNM111100,孪井滩,Luanjingtan
CHHE000100,井陉,Jingxing
CHHE000200,正定,Zhengding
CHHE000300,栾城,Luancheng
CHHE000400,行唐,Xingtang
CHHE000500,灵寿,Lingshou
CHHE000600,高邑,Gaoyi
CHHE000700,深泽,Shenze
CHHE000800,赞皇,Zanhuang
CHHE000900,无极,Wuji
CHHE001000,平山,Pingshan
CHHE001100,元氏,Yuanshi
CHHE001200,赵县,Zhaoxian
CHHE001300,辛集,Xinji
CHHE001400,藁城,Gaocheng
CHHE001500,晋州,Jinzhou
CHHE001600,新乐,Xinle
CHHE001700,鹿泉,Luquan
CHHE010100,满城,Mancheng
CHHE010200,阜平,Fuping
CHHE010300,徐水,Xushui
CHHE010400,唐县,Tangxian
CHHE010500,高阳,Gaoyang
CHHE010600,容城,Rongcheng
CHHE010700,涞源,Laiyuan
CHHE010800,望都,Wangdu
CHHE010900,安新,Anxin
CHHE011000,易县,Yixian
CHHE011100,曲阳,Quyang
CHHE011200,蠡县,Lixian
CHHE011300,顺平,Shunping
CHHE011400,雄县,Xiongxian
CHHE011500,涿州,Zhuozhou
CHHE011600,定州,Dingzhou
CHHE011700,安国,Anguo
CHHE011800,高碑店,Gaobeidian
CHHE011900,涞水,Laishui
CHHE012000,定兴,Dingxing
CHHE012100,清苑,Qingyuan
CHHE012200,博野,Boye
CHHE020100,宣化,Xuanhua
CHHE020200,张北,Zhangbei
CHHE020300,康保,Kangbao
CHHE020400,沽源,Guyuan
CHHE020500,尚义,Shangyi
CHHE020600,蔚县,Yuxian
CHHE020700,阳原,Yangyuan
CHHE020800,怀安,Huaian
CHHE020900,万全,Wanquan
CHHE021000,怀来,Huailai
CHHE021100,涿鹿,Zhuolu
CHHE021200,赤城,Chicheng
CHHE021300,崇礼,Chongli
CHHE030100,承德县,Chengdexian
CHHE030200,兴隆,Xinglong
CHHE030300,平泉,Pingquan
CHHE030400,滦平,Luanping
CHHE030500,隆化,Longhua
CHHE030600,丰宁,Fengning
CHHE030700,宽城,Kuancheng
CHHE030800,围场,Weichang
CHHE040100,丰南,Fengnan
CHHE040200,丰润,Fengrun
CHHE040300,滦县,Luanxian
CHHE040400,滦南,Luannan
CHHE040500,乐亭,Leting
CHHE040600,迁西,Qianxi
CHHE040700,玉田,Yutian
CHHE040800,唐海,Tanghai
CHHE040900,遵化,Zunhua
CHHE041000,迁安,Qianan
CHHE041100,曹妃甸,Caofeidian
CHHE050100,固安,Guan
CHHE050200,永清,Yongqing
CHHE050300,香河,Xianghe
CHHE050400,大城,Dacheng
CHHE050500,文安,Wenan
CHHE050600,大厂,Dachang
CHHE050700,霸州,Bazhou
CHHE050800,三河,Sanhe
CHHE060100,青县,Qingxian
CHHE060200,东光,Dongguang
CHHE060300,海兴,Haixing
CHHE060400,盐山,Yanshan
CHHE060500,肃宁,Suning
CHHE060600,南皮,Nanpi
CHHE060700,吴桥,Wuqiao
CHHE060800,献县,Xianxian
CHHE060900,孟村,Mengcun
CHHE061000,泊头,Botou
CHHE061100,任丘,Renqiu
CHHE061200,黄骅,Huanghua
CHHE061300,河间,Hejian
CHHE061400,沧县,Cangxian
CHHE070100,枣强,Zaoqiang
CHHE070200,武邑,Wuyi
CHHE070300,武强,Wuqiang
CHHE070400,饶阳,Raoyang
CHHE070500,安平,Anping
CHHE070600,故城,Gucheng
CHHE070700,景县,Jingxian
CHHE070800,阜城,Fucheng
CHHE070900,冀州,Jizhou
CHHE071000,深州,Shenzhou
CHHE080100,临城,Lincheng
CHHE080200,内丘,Neiqiu
CHHE080300,柏乡,Baixiang
CHHE080400,隆尧,Longyao
CHHE080500,南和,Nanhe
CHHE080600,宁晋,Ningjin
CHHE080700,巨鹿,Julu
CHHE080800,新河,Xinhe
CHHE080900,广宗,Guangzong
CHHE081000,平乡,Pingxiang
CHHE081100,威县,Weixian
CHHE081200,清河,Qinghe
CHHE081300,临西,Linxi
CHHE081400,南宫,Nangong
CHHE081500,沙河,Shahe
CHHE081600,任县,Renxian
CHHE090100,峰峰,Fengfeng
CHHE090200,临漳,Linzhang
CHHE090300,成安,Chengan
CHHE090400,大名,Daming
CHHE090500,涉县,Shexian
CHHE090600,磁县,Cixian
CHHE090700,肥乡,Feixiang
CHHE090800,永年,Yongnian
CHHE090900,邱县,Qiuxian
CHHE091000,鸡泽,Jize
CHHE091100,广平,Guangping
CHHE091200,馆陶,Guantao
CHHE091300,魏县,Weixian
CHHE091400,曲周,Quzhou
CHHE091500,武安,Wuan
CHHE100100,青龙,Qinglong
CHHE100200,昌黎,Changli
CHHE100300,抚宁,Funing
CHHE100400,卢龙,Lulong
CHHE100500,北戴河,Beidaihe
CHHA000100,巩义,Gongyi
CHHA000200,荥阳,Xingyang
CHHA000300,登封,Dengfeng
CHHA000400,新密,Xinmi
CHHA000500,新郑,Xinzheng
CHHA000600,中牟,Zhongmou
CHHA000700,上街,Shangjie
CHHA010100,汤阴,Tangyin
CHHA010200,滑县,Huaxian
CHHA010300,内黄,Neihuang
CHHA010400,林州,Linzhou
CHHA020100,获嘉,Huojia
CHHA020200,原阳,Yuanyang
CHHA020300,辉县,Huixian
CHHA020400,卫辉,Weihui
CHHA020500,延津,Yanjin
CHHA020600,封丘,Fengqiu
CHHA020700,长垣,Changyuan
CHHA030100,鄢陵,Yanling
CHHA030200,襄城,Xiangcheng
CHHA030300,长葛,Changge
CHHA030400,禹州,Yuzhou
CHHA040100,郏县,Jiaxian
CHHA040200,宝丰,Baofeng
CHHA040300,汝州,Ruzhou
CHHA040400,叶县,Yexian
CHHA040500,舞钢,Wugang
CHHA040600,鲁山,Lushan
CHHA040700,石龙,Shilong
CHHA050100,息县,Xixian
CHHA050200,罗山,Luoshan
CHHA050300,光山,Guangshan
CHHA050400,新县,Xinxian
CHHA050500,淮滨,Huaibin
CHHA050600,潢川,Huangchuan
CHHA050700,固始,Gushi
CHHA050800,商城,Shangcheng
CHHA060100,南召,Nanzhao
CHHA060200,方城,Fangcheng
CHHA060300,社旗,Sheqi
CHHA060400,西峡,Xixia
CHHA060500,内乡,Neixiang
CHHA060600,镇平,Zhenping
CHHA060700,淅川,Xichuan
CHHA060800,新野,Xinye
CHHA060900,唐河,Tanghe
CHHA061000,邓州,Dengzhou
CHHA061100,桐柏,Tongbai
CHHA070100,杞县,Qixian
CHHA070200,尉氏,Weishi
CHHA070300,通许,Tongxu
CHHA070400,兰考,Lankao
CHHA080100,新安,Xinan
CHHA080200,孟津,Mengjin
CHHA080300,宜阳,Yiyang
CHHA080400,洛宁,Luoning
CHHA080500,伊川,Yichuan
CHHA080600,嵩县,Songxian
CHHA080700,偃师,Yanshi
CHHA080800,栾川,Luanchuan
CHHA080900,汝阳,Ruyang
CHHA081000,吉利,Jili
CHHA090100,睢县,Suixian
CHHA090200,民权,Minquan
CHHA090300,虞城,Yucheng
CHHA090400,柘城,Zhecheng
CHHA090500,宁陵,Ningling
CHHA090600,夏邑,Xiayi
CHHA090700,永城,Yongcheng
CHHA100100,修武,Xiuwu
CHHA100200,武陟,Wuzhi
CHHA100300,沁阳,Qinyang
CHHA100400,博爱,Boai
CHHA100500,温县,Wenxian
CHHA100600,孟州,Mengzhou
CHHA110100,浚县,Xunxian
CHHA110200,淇县,Qixian
CHHA120100,台前,Taiqian
CHHA120200,南乐,Nanle
CHHA120300,清丰,Qingfeng
CHHA120400,范县,Fanxian
CHHA130100,扶沟,Fugou
CHHA130200,太康,Taikang
CHHA130300,淮阳,Huaiyang
CHHA130400,西华,Xihua
CHHA130500,商水,Shangshui
CHHA130600,项城,Xiangcheng
CHHA130700,郸城,Dancheng
CHHA130800,鹿邑,Luyi
CHHA130900,沈丘,Shenqiu
CHHA140100,临颍,Linying
CHHA140200,舞阳,Wuyang
CHHA150100,西平,Xiping
CHHA150200,遂平,Suiping
CHHA150300,上蔡,Shangcai
CHHA150400,汝南,Runan
CHHA150500,泌阳,Biyang
CHHA150600,平舆,Pingyu
CHHA150700,新蔡,Xincai
CHHA150800,确山,Queshan
CHHA150900,正阳,Zhengyang
CHHA160100,灵宝,Lingbao
CHHA160200,渑池,Mianchi
CHHA160300,卢氏,Lushi
CHHA160400,义马,Yima
CHHA160500,陕县,Shanxian
CHSX000100,清徐,Qingxu
CHSX000200,阳曲,Yangqu
CHSX000300,娄烦,Loufan
CHSX000400,古交,Gujiao
CHSX000500,尖草坪区,Jiancaopingqu
CHSX000600,小店区,Xiaodianqu
CHSX010100,阳高,Yanggao
CHSX010200,大同县,Datongxian
CHSX010300,天镇,Tianzhen
CHSX010400,广灵,Guangling
CHSX010500,灵丘,Lingqiu
CHSX010600,浑源,Hunyuan
CHSX010700,左云,Zuoyun
CHSX020100,盂县,Yuxian
CHSX020200,平定,Pingding
CHSX030100,榆次,Yuci
CHSX030200,榆社,Yushe
CHSX030300,左权,Zuoquan
CHSX030400,和顺,Heshun
CHSX030500,昔阳,Xiyang
CHSX030600,寿阳,Shouyang
CHSX030700,太谷,Taigu
CHSX030800,祁县,Qixian
CHSX030900,平遥,Pingyao
CHSX031000,灵石,Lingshi
CHSX031100,介休,Jiexiu
CHSX040100,黎城,Licheng
CHSX040200,屯留,Tunliu
CHSX040300,潞城,Lucheng
CHSX040400,襄垣,Xiangyuan
CHSX040500,平顺,Pingshun
CHSX040600,武乡,Wuxiang
CHSX040700,沁县,Qinxian
CHSX040800,长子,Zhangzi
CHSX040900,沁源,Qinyuan
CHSX041000,壶关,Huguan
CHSX050100,沁水,Qinshui
CHSX050200,阳城,Yangcheng
CHSX050300,陵川,Lingchuan
CHSX050400,高平,Gaoping
CHSX050500,泽州,Zezhou
CHSX060100,曲沃,Quwo
CHSX060200,永和,Yonghe
CHSX060300,隰县,Xixian
CHSX060400,大宁,Daning
CHSX060500,吉县,Jixian
CHSX060600,襄汾,Xiangfen
CHSX060700,蒲县,Puxian
CHSX060800,汾西,Fenxi
CHSX060900,洪洞,Hongtong
CHSX061000,霍州,Huozhou
CHSX061100,乡宁,Xiangning
CHSX061200,翼城,Yicheng
CHSX061300,侯马,Houma
CHSX061400,浮山,Fushan
CHSX061500,安泽,Anze
CHSX061600,古县,Guxian
CHSX070100,临猗,Linyi
CHSX070200,稷山,Jishan
CHSX070300,万荣,Wanrong
CHSX070400,河津,Hejin
CHSX070500,新绛,Xinjiang
CHSX070600,绛县,Jiangxian
CHSX070700,闻喜,Wenxi
CHSX070800,垣曲,Yuanqu
CHSX070900,永济,Yongji
CHSX071000,芮城,Ruicheng
CHSX071100,夏县,Xiaxian
CHSX071200,平陆,Pinglu
CHSX080100,平鲁,Pinglu
CHSX080200,山阴,Shanyin
CHSX080300,右玉,Youyu
CHSX080400,应县,Yingxian
CHSX080500,怀仁,Huairen
CHSX090100,定襄,Dingxiang
CHSX090200,五台县,Wutaixian
CHSX090300,河曲,Hequ
CHSX090400,偏关,Pianguan
CHSX090500,神池,Shenchi
CHSX090600,宁武,Ningwu
CHSX090700,代县,Daixian
CHSX090800,繁峙,Fanshi
CHSX090900,五台山,Wutaishan
CHSX091000,保德,Baode
CHSX091100,静乐,Jingle
CHSX091200,岢岚,Kelan
CHSX091300,五寨,Wuzhai
CHSX091400,原平,Yuanping
CHSX100100,离石,Lishi
CHSX100200,临县,Linxian
CHSX100300,兴县,Xingxian
CHSX100400,岚县,Lanxian
CHSX100500,柳林,Liulin
CHSX100600,石楼,Shilou
CHSX100700,方山,Fangshan
CHSX100800,交口,Jiaokou
CHSX100900,中阳,Zhongyang
CHSX101000,孝义,Xiaoyi
CHSX101100,汾阳,Fenyang
CHSX101200,文水,Wenshui
CHSX101300,交城,Jiaocheng
CHSD000100,长清,Changqing
CHSD000200,商河,Shanghe
CHSD000300,章丘,Zhangqiu
CHSD000400,平阴,Pingyin
CHSD000500,济阳,Jiyang
CHSD010100,崂山,Laoshan
CHSD010200,即墨,Jimo
CHSD010300,胶州,Jiaozhou
CHSD010400,黄岛,Huangdao
CHSD010500,莱西,Laixi
CHSD010600,平度,Pingdu
CHSD020100,淄川,Zichuan
CHSD020200,博山,Boshan
CHSD020300,高青,Gaoqing
CHSD020400,周村,Zhoucun
CHSD020500,沂源,Yiyuan
CHSD020600,桓台,Huantai
CHSD020700,临淄,Linzi
CHSD030100,武城,Wucheng
CHSD030200,临邑,Linyi
CHSD030300,陵县,Lingxian
CHSD030400,齐河,Qihe
CHSD030500,乐陵,Leling
CHSD030600,庆云,Qingyun
CHSD030700,平原,Pingyuan
CHSD030800,宁津,Ningjin
CHSD030900,夏津,Xiajin
CHSD031000,禹城,Yucheng
CHSD040100,莱州,Laizhou
CHSD040200,长岛,Changdao
CHSD040300,蓬莱,Penglai
CHSD040400,龙口,Longkou
CHSD040500,招远,Zhaoyuan
CHSD040600,栖霞,Qixia
CHSD040700,福山,Fushan
CHSD040800,牟平,Mouping
CHSD040900,莱阳,Laiyang
CHSD041000,海阳,Haiyang
CHSD050100,青州,Qingzhou
CHSD050200,寿光,Shouguang
CHSD050300,临朐,Linqu
CHSD050400,昌乐,Changle
CHSD050500,昌邑,Changyi
CHSD050600,安丘,Anqiu
CHSD050700,高密,Gaomi
CHSD050800,诸城,Zhucheng
CHSD060100,嘉祥,Jiaxiang
CHSD060200,微山,Weishan
CHSD060300,鱼台,Yutai
CHSD060400,兖州,Yanzhou
CHSD060500,金乡,Jinxiang
CHSD060600,汶上,Wenshang
CHSD060700,泗水,Sishui
CHSD060800,梁山,Liangshan
CHSD060900,曲阜,Qufu
CHSD061000,邹城,Zoucheng
CHSD070100,新泰,Xintai
CHSD070200,肥城,Feicheng
CHSD070300,东平,Dongping
CHSD070400,宁阳,Ningyang
CHSD080100,莒南,Junan
CHSD080200,沂南,Yinan
CHSD080300,兰陵,Lanling
CHSD080400,临沭,Linshu
CHSD080500,郯城,Tancheng
CHSD080600,蒙阴,Mengyin
CHSD080700,平邑,Pingyi
CHSD080800,费县,Feixian
CHSD080900,沂水,Yishui
CHSD090100,鄄城,Juancheng
CHSD090200,郓城,Yuncheng
CHSD090300,东明,Dongming
CHSD090400,定陶,Dingtao
CHSD090500,巨野,Juye
CHSD090600,曹县,Caoxian
CHSD090700,成武,Chengwu
CHSD090800,单县,Shanxian
CHSD100100,博兴,Boxing
CHSD100200,无棣,Wudi
CHSD100300,阳信,Yangxin
CHSD100400,惠民,Huimin
CHSD100500,沾化,Zhanhua
CHSD100600,邹平,Zouping
CHSD110100,河口,Hekou
CHSD110200,垦利,Kenli
CHSD110300,利津,Lijin
CHSD110400,广饶,Guangrao
CHSD120100,文登,Wendeng
CHSD120200,荣成,Rongcheng
CHSD120300,乳山,Rushan
CHSD120400,成山头,Chengshantou
CHSD120500,石岛,Shidao
CHSD130100,薛城,Xuecheng
CHSD130200,峄城,Yicheng
CHSD130300,台儿庄,Taierzhuang
CHSD130400,滕州,Tengzhou
CHSD140100,五莲,Wulian
CHSD140200,莒县,Juxian
CHSD160100,冠县,Guanxian
CHSD160200,阳谷,Yanggu
CHSD160300,高唐,Gaotang
CHSD160400,茌平,Chiping
CHSD160500,东阿,Donge
CHSD160600,临清,Linqing
CHSD160700,莘县,Shenxian
CHJS000100,溧水,Lishui
CHJS000200,高淳,Gaochun
CHJS000300,江宁,Jiangning
CHJS000400,六合,Luhe
CHJS000500,江浦,Jiangpu
CHJS000600,浦口,Pukou
CHJS010100,江阴,Jiangyin
CHJS010200,宜兴,Yixing
CHJS010300,锡山,Xishan
CHJS020100,丹阳,Danyang
CHJS020200,扬中,Yangzhong
CHJS020300,句容,Jurong
CHJS020400,丹徒,Dantu
CHJS030100,常熟,Changshu
CHJS030200,张家港,Zhangjiagang
CHJS030300,昆山,Kunshan
CHJS030400,吴中,Wuzhong
CHJS030500,吴江,Wujiang
CHJS030600,太仓,Taicang
CHJS040100,海安,Haian
CHJS040200,如皋,Rugao
CHJS040300,如东,Rudong
CHJS040400,启东,Qidong
CHJS040500,海门,Haimen
CHJS040600,通州,Tongzhou
CHJS050100,宝应,Baoying
CHJS050200,仪征,Yizheng
CHJS050300,高邮,Gaoyou
CHJS050400,江都,Jiangdu
CHJS050500,邗江,Hanjiang
CHJS060100,响水,Xiangshui
CHJS060200,滨海,Binhai
CHJS060300,阜宁,Funing
CHJS060400,射阳,Sheyang
CHJS060500,建湖,Jianhu
CHJS060600,东台,Dongtai
CHJS060700,大丰,Dafeng
CHJS060800,盐都,Yandu
CHJS070100,铜山,Tongshan
CHJS070200,丰县,Fengxian
CHJS070300,沛县,Peixian
CHJS070400,邳州,Pizhou
CHJS070500,睢宁,Suining
CHJS070600,新沂,Xinyi
CHJS080100,金湖,Jinhu
CHJS080200,盱眙,Xuyi
CHJS080300,洪泽,Hongze
CHJS080400,涟水,Lianshui
CHJS080500,淮阴区,Huaiyinqu
CHJS080600,淮安区,Huaianqu
CHJS090100,东海,Donghai
CHJS090200,赣榆,Ganyu
CHJS090300,灌云,Guanyun
CHJS090400,灌南,Guannan
CHJS100100,溧阳,Liyang
CHJS100200,金坛,Jintan
CHJS100300,武进,Wujin
CHJS110100,兴化,Xinghua
CHJS110200,泰兴,Taixing
CHJS110300,姜堰,Jiangyan
CHJS110400,靖江,Jingjiang
CHJS120100,沭阳,Shuyang
CHJS120200,泗阳,Siyang
CHJS120300,泗洪,Sihong
CHJS120400,宿豫,Suyu
CHZJ000100,萧山,Xiaoshan
CHZJ000200,桐庐,Tonglu
CHZJ000300,淳安,Chunan
CHZJ000400,建德,Jiande
CHZJ000500,余杭,Yuhang
CHZJ000600,临安,Linan
CHZJ000700,富阳,Fuyang
CHZJ010100,长兴,Changxing
CHZJ010200,安吉,Anji
CHZJ010300,德清,Deqing
CHZJ020100,嘉善,Jiashan
CHZJ020200,海宁,Haining
CHZJ020300,桐乡,Tongxiang
CHZJ020400,平湖,Pinghu
CHZJ020500,海盐,Haiyan
CHZJ030100,慈溪,Cixi
CHZJ030200,余姚,Yuyao
CHZJ030300,奉化,Fenghua
CHZJ030400,象山,Xiangshan
CHZJ030500,宁海,Ninghai
CHZJ030600,北仑,Beilun
CHZJ030700,鄞州,Yinzhou
CHZJ030800,镇海,Zhenhai
CHZJ040100,诸暨,Zhuji
CHZJ040200,上虞,Shangyu
CHZJ040300,新昌,Xinchang
CHZJ040400,嵊州,Shengzhou
CHZJ050100,玉环,Yuhuan
CHZJ050200,三门,Sanmen
CHZJ050300,天台,Tiantai
CHZJ050400,仙居,Xianju
CHZJ050500,温岭,Wenling
CHZJ050600,洪家,Hongjia
CHZJ050700,临海,Linhai
CHZJ050800,椒江,Jiaojiang
CHZJ050900,黄岩,Huangyan
CHZJ051000,路桥,Luqiao
CHZJ060100,泰顺,Taishun
CHZJ060200,文成,Wencheng
CHZJ060300,平阳,Pingyang
CHZJ060400,瑞安,Ruian
CHZJ060500,洞头,Dongtou
CHZJ060600,乐清,Yueqing
CHZJ060700,永嘉,Yongjia
CHZJ060800,苍南,Cangnan
CHZJ070100,遂昌,Suichang
CHZJ070200,龙泉,Longquan
CHZJ070300,缙云,Jinyun
CHZJ070400,青田,Qingtian
CHZJ070500,云和,Yunhe
CHZJ070600,庆元,Qingyuan
CHZJ070700,松阳,Songyang
CHZJ070800,景宁,Jingning
CHZJ080100,浦江,Pujiang
CHZJ080200,兰溪,Lanxi
CHZJ080300,义乌,Yiwu
CHZJ080400,东阳,Dongyang
CHZJ080500,武义,Wuyi
CHZJ080600,永康,Yongkang
CHZJ080700,磐安,Panan
CHZJ090100,常山,Changshan
CHZJ090200,开化,Kaihua
CHZJ090300,龙游,Longyou
CHZJ090400,江山,Jiangshan
CHZJ090500,衢江,Qujiang
CHZJ100100,嵊泗,Shengsi
CHZJ100200,岱山,Daishan
CHZJ100300,普陀,Putuo
CHZJ100400,定海,Dinghai
CHFJ000100,闽清,Minqing
CHFJ000200,闽侯,Minhou
CHFJ000300,罗源,Luoyuan
CHFJ000400,连江,Lianjiang
CHFJ000500,永泰,Yongtai
CHFJ000600,平潭,Pingtan
CHFJ000700,长乐,Changle
CHFJ000800,福清,Fuqing
CHFJ000900,钓鱼岛,Diaoyudao
CHFJ010100,同安,Tongan
CHFJ020100,古田,Gutian
CHFJ020200,霞浦,Xiapu
CHFJ020300,寿宁,Shouning
CHFJ020400,周宁,Zhouning
CHFJ020500,福安,Fuan
CHFJ020600,柘荣,Zherong
CHFJ020700,福鼎,Fuding
CHFJ020800,屏南,Pingnan
CHFJ030100,仙游,Xianyou
CHFJ030200,秀屿港,Xiuyugang
CHFJ030300,涵江,Hanjiang
CHFJ030400,秀屿,Xiuyu
CHFJ030500,荔城,Licheng
CHFJ030600,城厢,Chengxiang
CHFJ040100,安溪,Anxi
CHFJ040200,永春,Yongchun
CHFJ040300,德化,Dehua
CHFJ040400,南安,Nanan
CHFJ040500,崇武,Chongwu
CHFJ040600,惠安,Huian
CHFJ040700,晋江,Jinjiang
CHFJ040800,石狮,Shishi
CHFJ050100,长泰,Changtai
CHFJ050200,南靖,Nanjing
CHFJ050300,平和,Pinghe
CHFJ050400,龙海,Longhai
CHFJ050500,漳浦,Zhangpu
CHFJ050600,诏安,Zhaoan
CHFJ050700,东山,Dongshan
CHFJ050800,云霄,Yunxiao
CHFJ050900,华安,Huaan
CHFJ060100,长汀,Changting
CHFJ060200,连城,Liancheng
CHFJ060300,武平,Wuping
CHFJ060400,上杭,Shanghang
CHFJ060500,永定,Yongding
CHFJ060600,漳平,Zhangping
CHFJ070100,宁化,Ninghua
CHFJ070200,清流,Qingliu
CHFJ070300,泰宁,Taining
CHFJ070400,将乐,Jiangle
CHFJ070500,建宁,Jianning
CHFJ070600,明溪,Mingxi
CHFJ070700,沙县,Shaxian
CHFJ070800,尤溪,Youxi
CHFJ070900,永安,Yongan
CHFJ071000,大田,Datian
CHFJ080100,顺昌,Shunchang
CHFJ080200,光泽,Guangze
CHFJ080300,邵武,Shaowu
CHFJ080400,武夷山,Wuyishan
CHFJ080500,浦城,Pucheng
CHFJ080600,建阳,Jianyang
CHFJ080700,松溪,Songxi
CHFJ080800,政和,Zhenghe
CHFJ080900,建瓯,Jianou
CHJX000100,新建,Xinjian
CHJX000200,南昌县,Nanchangxian
CHJX000300,安义,Anyi
CHJX000400,进贤,Jinxian
CHJX010100,瑞昌,Ruichang
CHJX010200,庐山,Lushan
CHJX010300,武宁,Wuning
CHJX010400,德安,Dean
CHJX010500,永修,Yongxiu
CHJX010600,湖口,Hukou
CHJX010700,彭泽,Pengze
CHJX010800,星子,Xingzi
CHJX010900,都昌,Duchang
CHJX011000,修水,Xiushui
CHJX020100,鄱阳,Poyang
CHJX020200,婺源,Wuyuan
CHJX020300,余干,Yugan
CHJX020400,万年,Wannian
CHJX020500,德兴,Dexing
CHJX020600,上饶县,Shangraoxian
CHJX020700,弋阳,Yiyang
CHJX020800,横峰,Hengfeng
CHJX020900,铅山,Yanshan
CHJX021000,玉山,Yushan
CHJX021100,广丰,Guangfeng
CHJX030100,广昌,Guangchang
CHJX030200,乐安,Anle
CHJX030300,崇仁,Chongren
CHJX030400,金溪,Jinxi
CHJX030500,资溪,Zixi
CHJX030600,宜黄,Yihuang
CHJX030700,南城,Nancheng
CHJX030800,南丰,Nanfeng
CHJX030900,黎川,Lichuan
CHJX031000,东乡,Dongxiang
CHJX040100,铜鼓,Tonggu
CHJX040200,宜丰,Yifeng
CHJX040300,万载,Wanzai
CHJX040400,上高,Shanggao
CHJX040500,靖安,Jingan
CHJX040600,奉新,Fengxin
CHJX040700,高安,Gaoan
CHJX040800,樟树,Zhangshu
CHJX040900,丰城,Fengcheng
CHJX050100,吉安县,Jianxian
CHJX050200,吉水,Jishui
CHJX050300,新干,Xingan
CHJX050400,峡江,Xiajiang
CHJX050500,永丰,Yongfeng
CHJX050600,永新,Yongxin
CHJX050700,井冈山,Jinggangshan
CHJX050800,万安,Wanan
CHJX050900,遂川,Suichuan
CHJX051000,泰和,Taihe
CHJX051100,安福,Anfu
CHJX051200,宁冈,Ninggang
CHJX060100,崇义,Chongyi
CHJX060200,上犹,Shangyou
CHJX060300,南康,Nankang
CHJX060400,大余,Dayu
CHJX060500,信丰,Xinfeng
CHJX060600,宁都,Ningdu
CHJX060700,石城,Shicheng
CHJX060800,瑞金,Ruijin
CHJX060900,于都,Yudu
CHJX061000,会昌,Huichang
CHJX061100,安远,Anyuan
CHJX061200,全南,Quannan
CHJX061300,龙南,Longnan
CHJX061400,定南,Dingnan
CHJX061500,寻乌,Xunwu
CHJX061600,兴国,Xingguo
CHJX061700,赣县,Ganxian
CHJX070100,乐平,Leping
CHJX070200,浮梁,Fuliang
CHJX080100,莲花,Lianhua
CHJX080200,上栗,Shangli
CHJX080300,安源,Anyuan
CHJX080400,芦溪,Luxi
CHJX080500,湘东,Xiangdong
CHJX090100,分宜,Fenyi
CHJX100100,余江,Yujiang
CHJX100200,贵溪,Guixi
CHAH000100,长丰,Changfeng
CHAH000200,肥东,Feidong
CHAH000300,肥西,Feixi
CHAH150100,庐江,Lujiang
CHAH010100,怀远,Huaiyuan
CHAH010200,固镇,Guzhen
CHAH010300,五河,Wuhe
CHAH020100,繁昌,Fanchang
CHAH020200,芜湖县,Wuhuxian
CHAH020300,南陵,Nanling
CHAH150200,无为,Wuwei
CHAH030100,凤台,Fengtai
CHAH030200,潘集,Panji
CHAH040100,当涂,Dangtu
CHAH150300,含山,Hanshan
CHAH150400,和县,Hexian
CHAH050100,枞阳,Zongyang
CHAH050200,太湖,Taihu
CHAH050300,潜山,Qianshan
CHAH050400,怀宁,Huaining
CHAH050500,宿松,Susong
CHAH050600,望江,Wangjiang
CHAH050700,岳西,Yuexi
CHAH050800,桐城,Tongcheng
CHAH060100,砀山,Dangshan
CHAH060200,灵璧,Lingbi
CHAH060300,泗县,Sixian
CHAH060400,萧县,Xiaoxian
CHAH070100,阜南,Funan
CHAH070200,颍上,Yingshang
CHAH070300,临泉,Linquan
CHAH070400,界首,Jieshou
CHAH070500,太和,Taihe
CHAH080100,涡阳,Guoyang
CHAH080200,利辛,Lixin
CHAH080300,蒙城,Mengcheng
CHAH090100,黄山区,Huangshanqu
CHAH090200,屯溪,Tunxi
CHAH090300,祁门,Qimen
CHAH090400,黟县,Yixian
CHAH090500,歙县,Shexian
CHAH090600,休宁,Xiuning
CHAH090700,黄山风景区,Huangshanfengjingqu
CHAH100100,凤阳,Fengyang
CHAH100200,明光,Mingguang
CHAH100300,定远,Dingyuan
CHAH100400,全椒,Quanjiao
CHAH100500,来安,Laian
CHAH100600,天长,Tianchang
CHAH110100,濉溪,Suixi
CHAH130100,泾县,Jingxian
CHAH130200,旌德,Jingde
CHAH130300,宁国,Ningguo
CHAH130400,绩溪,Jixi
CHAH130500,广德,Guangde
CHAH130600,郎溪,Langxi
CHAH140100,霍邱,Huoqiu
CHAH140200,寿县,Shouxian
CHAH140300,金寨,Jinzhai
CHAH140400,霍山,Huoshan
CHAH140500,舒城,Shucheng
CHAH160100,东至,Dongzhi
CHAH160200,青阳,Qingyang
CHAH160300,九华山,Jiuhuashan
CHAH160400,石台,Shitai
CHHB000100,蔡甸,Caidian
CHHB000200,黄陂,Huangpi
CHHB000300,新洲,Xinzhou
CHHB000400,江夏,Jiangxia
CHHB000500,东西湖,Dongxihu
CHHB010100,襄州,Xiangzhou
CHHB010200,保康,Baokang
CHHB010300,南漳,Nanzhang
CHHB010400,宜城,Yicheng
CHHB010500,老河口,Laohekou
CHHB010600,谷城,Gucheng
CHHB010700,枣阳,Zaoyang
CHHB020100,梁子湖,Liangzihu
CHHB030100,安陆,Anlu
CHHB030200,云梦,Yunmeng
CHHB030300,大悟,Dawu
CHHB030400,应城,Yingcheng
CHHB030500,汉川,Hanchuan
CHHB030600,孝昌,Xiaochang
CHHB040100,红安,Hongan
CHHB040200,麻城,Macheng
CHHB040300,罗田,Luotian
CHHB040400,英山,Yingshan
CHHB040500,浠水,Xishui
CHHB040600,蕲春,Qichun
CHHB040700,黄梅,Huangmei
CHHB040800,武穴,Wuxue
CHHB040900,团风,Tuanfeng
CHHB050100,大冶,Daye
CHHB050200,阳新,Yangxin
CHHB050300,铁山,Tieshan
CHHB050400,下陆,Xialu
CHHB050500,西塞山,Xisaishan
CHHB060100,赤壁,Chibi
CHHB060200,嘉鱼,Jiayu
CHHB060300,崇阳,Chongyang
CHHB060400,通城,Tongcheng
CHHB060500,通山,Tongshan
CHHB070100,江陵,Jiangling
CHHB070200,公安,Gongan
CHHB070300,石首,Shishou
CHHB070400,监利,Jianli
CHHB070500,洪湖,Honghu
CHHB070600,松滋,Songzi
CHHB070700,沙市,Shashi
CHHB080100,远安,Yuanan
CHHB080200,秭归,Zigui
CHHB080300,兴山,Xingshan
CHHB080400,五峰,Wufeng
CHHB080500,当阳,Dangyang
CHHB080600,长阳,Changyang
CHHB080700,宜都,Yidu
CHHB080800,枝江,Zhijiang
CHHB080900,三峡,Sanxia
CHHB081000,夷陵,Yiling
CHHB090100,利川,Lichuan
CHHB090200,建始,Jianshi
CHHB090300,咸丰,Xianfeng
CHHB090400,宣恩,Xuanen
CHHB090500,鹤峰,Hefeng
CHHB090600,来凤,Laifeng
CHHB090700,巴东,Badong
CHHB100100,竹溪,Zhuxi
CHHB100200,郧西,Yunxi
CHHB100300,郧县,Yunxian
CHHB100400,竹山,Zhushan
CHHB100500,房县,Fangxian
CHHB100600,丹江口,Danjiangkou
CHHB100700,茅箭,Maojian
CHHB100800,张湾,Zhangwan
CHHB120100,广水,Guangshui
CHHB130100,钟祥,Zhongxiang
CHHB130200,京山,Jingshan
CHHB130300,掇刀,Duodao
CHHB130400,沙洋,Shayang
CHHN000100,宁乡,Ningxiang
CHHN000200,浏阳,Liuyang
CHHN000300,马坡岭,Mapoling
CHHN000400,望城,Wangcheng
CHHN010100,韶山,Shaoshan
CHHN010200,湘乡,Xiangxiang
CHHN020100,攸县,Youxian
CHHN020200,醴陵,Liling
CHHN020300,茶陵,Chaling
CHHN020400,炎陵,Yanling
CHHN030100,衡山,Hengshan
CHHN030200,衡东,Hengdong
CHHN030300,祁东,Qidong
CHHN030400,衡阳县,Hengyangxian
CHHN030500,常宁,Changning
CHHN030600,衡南,Hengnan
CHHN030700,耒阳,Leiyang
CHHN030800,南岳,Nanyue
CHHN040100,桂阳,Guiyang
CHHN040200,嘉禾,Jiahe
CHHN040300,宜章,Yizhang
CHHN040400,临武,Linwu
CHHN040500,资兴,Zixing
CHHN040600,汝城,Rucheng
CHHN040700,安仁,Anren
CHHN040800,永兴,Yongxing
CHHN040900,桂东,Guidong
CHHN041000,苏仙,Suxian
CHHN050100,安乡,Anxiang
CHHN050200,桃源,Taoyuan
CHHN050300,汉寿,Hanshou
CHHN050400,澧县,Lixian
CHHN050500,临澧,Linli
CHHN050600,石门,Shimen
CHHN050700,津市,Jinshi
CHHN060100,赫山区,Heshanqu
CHHN060200,南县,Nanxian
CHHN060300,桃江,Taojiang
CHHN060400,安化,Anhua
CHHN060500,沅江,Yuanjiang
CHHN070100,双峰,Shuangfeng
CHHN070200,冷水江,Lengshuijiang
CHHN070300,新化,Xinhua
CHHN070400,涟源,Lianyuan
CHHN080100,隆回,Longhui
CHHN080200,洞口,Dongkou
CHHN080300,新邵,Xinshao
CHHN080400,邵东,Shaodong
CHHN080500,绥宁,Suining
CHHN080600,新宁,Xinning
CHHN080700,武冈,Wugang
CHHN080800,城步,Chengbu
CHHN080900,邵阳县,Shaoyangxian
CHHN090100,华容,Huarong
CHHN090200,湘阴,Xiangyin
CHHN090300,汨罗,Miluo
CHHN090400,平江,Pingjiang
CHHN090500,临湘,Linxiang
CHHN100100,桑植,Sangzhi
CHHN100200,慈利,Cili
CHHN100300,武陵源,Wulingyuan
CHHN110100,沅陵,Yuanling
CHHN110200,辰溪,Chenxi
CHHN110300,靖州,Jingzhou
CHHN110400,会同,Huitong
CHHN110500,通道,Tongdao
CHHN110600,麻阳,Mayang
CHHN110700,新晃,Xinhuang
CHHN110800,芷江,Zhijiang
CHHN110900,溆浦,Xupu
CHHN111000,中方,Zhongfang
CHHN111100,洪江,Hongjiang
CHHN120100,祁阳,Qiyang
CHHN120200,东安,Dongan
CHHN120300,双牌,Shuangpai
CHHN120400,道县,Daoxian
CHHN120500,宁远,Ningyuan
CHHN120600,江永,Jiangyong
CHHN120700,蓝山,Lanshan
CHHN120800,新田,Xintian
CHHN120900,江华,Jianghua
CHHN121000,冷水滩,Lengshuitan
CHHN130100,保靖,Baojing
CHHN130200,永顺,Yongshun
CHHN130300,古丈,Guzhang
CHHN130400,凤凰,Fenghuang
CHHN130500,泸溪,Luxi
CHHN130600,龙山,Longshan
CHHN130700,花垣,Huayuan
CHGD000100,番禺,Panyu
CHGD000200,从化,Conghua
CHGD000300,增城,Zengcheng
CHGD000400,花都,Huadu
CHGD010100,乳源,Ruyuan
CHGD010200,始兴,Shixing
CHGD010300,翁源,Wengyuan
CHGD010400,乐昌,Lechang
CHGD010500,仁化,Renhua
CHGD010600,南雄,Nanxiong
CHGD010700,新丰,Xinfeng
CHGD010800,曲江,Qujiang
CHGD010900,浈江,Zhenjiang
CHGD011000,武江,Wujiang
CHGD020100,博罗,Boluo
CHGD020200,惠阳,Huiyang
CHGD020300,惠东,Huidong
CHGD020400,龙门,Longmen
CHGD030100,兴宁,Xingning
CHGD030200,蕉岭,Jiaoling
CHGD030300,大埔,Dabu
CHGD030400,丰顺,Fengshun
CHGD030500,平远,Pingyuan
CHGD030600,五华,Wuhua
CHGD030700,梅县,Meixian
CHGD040100,潮阳,Chaoyang
CHGD040200,澄海,Chenghai
CHGD040300,南澳,Nanao
CHGD060100,斗门,Doumen
CHGD060200,金湾,Jinwan
CHGD070100,顺德,Shunde
CHGD070200,三水,Sanshui
CHGD070300,南海,Nanhai
CHGD070400,高明,Gaoming
CHGD080100,广宁,Guangning
CHGD080200,四会,Sihui
CHGD080300,德庆,Deqing
CHGD080400,怀集,Huaiji
CHGD080500,封开,Fengkai
CHGD080600,高要,Gaoyao
CHGD090100,吴川,Wuchuan
CHGD090200,雷州,Leizhou
CHGD090300,徐闻,Xuwen
CHGD090400,廉江,Lianjiang
CHGD090500,赤坎,Chikan
CHGD090600,遂溪,Suixi
CHGD090700,坡头,Potou
CHGD090800,霞山,Xiashan
CHGD090900,麻章,Mazhang
CHGD100100,开平,Kaiping
CHGD100200,新会,Xinhui
CHGD100300,恩平,Enping
CHGD100400,台山,Taishan
CHGD100500,蓬江,Pengjiang
CHGD100600,鹤山,Heshan
CHGD100700,江海,Jianghai
CHGD110100,紫金,Zijin
CHGD110200,连平,Lianping
CHGD110300,和平,Heping
CHGD110400,龙川,Longchuan
CHGD110500,东源,Dongyuan
CHGD120100,连南,Liannan
CHGD120200,连州,Lianzhou
CHGD120300,连山,Lianshan
CHGD120400,阳山,Yangshan
CHGD120500,佛冈,Fogang
CHGD120600,英德,Yingde
CHGD120700,清新,Qingxin
CHGD130100,罗定,Luoding
CHGD130200,新兴,Xinxing
CHGD130300,郁南,Yunan
CHGD130400,云安,Yunan
CHGD140100,饶平,Raoping
CHGD140200,潮安,Chaoan
CHGD170100,阳春,Yangchun
CHGD170200,阳东,Yangdong
CHGD170300,阳西,Yangxi
CHGD180100,揭西,Jiexi
CHGD180200,普宁,Puning
CHGD180300,惠来,Huilai
CHGD180400,揭东,Jiedong
CHGD190100,高州,Gaozhou
CHGD190200,化州,Huazhou
CHGD190300,电白,Dianbai
CHGD190400,信宜,Xinyi
CHGD190500,茂港,Maogang
CHGD200100,海丰,Haifeng
CHGD200200,陆丰,Lufeng
CHGD200300,陆河,Luhe
CHGX000100,邕宁,Yongning
CHGX000200,横县,Hengxian
CHGX000300,隆安,Longan
CHGX000400,马山,Mashan
CHGX000500,上林,Shanglin
CHGX000600,武鸣,Wuming
CHGX000700,宾阳,Binyang
CHGX010100,天等,Tiandeng
CHGX010200,龙州,Longzhou
CHGX010300,凭祥,Pingxiang
CHGX010400,大新,Daxin
CHGX010500,扶绥,Fusui
CHGX010600,宁明,Ningming
CHGX020100,柳城,Liucheng
CHGX020200,鹿寨,Luzhai
CHGX020300,柳江,Liujiang
CHGX020400,融安,Rongan
CHGX020500,融水,Rongshui
CHGX020600,三江,Sanjiang
CHGX030100,忻城,Xincheng
CHGX030200,金秀,Jinxiu
CHGX030300,象州,Xiangzhou
CHGX030400,武宣,Wuxuan
CHGX030500,合山,Heshan
CHGX040100,龙胜,Longsheng
CHGX040200,永福,Yongfu
CHGX040300,临桂,Lingui
CHGX040400,兴安,Xingan
CHGX040500,灵川,Lingchuan
CHGX040600,全州,Quanzhou
CHGX040700,灌阳,Guanyang
CHGX040800,阳朔,Yangshuo
CHGX040900,恭城,Gongcheng
CHGX041000,平乐,Pingle
CHGX041100,荔浦,Lipu
CHGX041200,资源,Ziyuan
CHGX050100,藤县,Tengxian
CHGX050200,苍梧,Cangwu
CHGX050300,蒙山,Mengshan
CHGX050400,岑溪,Cenxi
CHGX060100,昭平,Zhaoping
CHGX060200,富川,Fuchuan
CHGX060300,钟山,Zhongshan
CHGX070100,桂平,Guiping
CHGX070200,平南,Pingnan
CHGX080100,博白,Bobai
CHGX080200,北流,Beiliu
CHGX080300,容县,Rongxian
CHGX080400,陆川,Luchuan
CHGX080500,兴业,Xingye
CHGX090100,那坡,Napo
CHGX090200,田阳,Tianyang
CHGX090300,德保,Debao
CHGX090400,靖西,Jingxi
CHGX090500,田东,Tiandong
CHGX090600,平果,Pingguo
CHGX090700,隆林,Longlin
CHGX090800,西林,Xilin
CHGX090900,乐业,Leye
CHGX091000,凌云,Lingyun
CHGX091100,田林,Tianlin
CHGX100100,浦北,Pubei
CHGX100200,灵山,Lingshan
CHGX110100,天峨,Tiane
CHGX110200,东兰,Donglan
CHGX110300,巴马,Bama
CHGX110400,环江,Huanjiang
CHGX110500,罗城,Luocheng
CHGX110600,宜州,Yizhou
CHGX110700,凤山,Fengshan
CHGX110800,南丹,Nandan
CHGX110900,都安,Duan
CHGX111000,大化,Dahua
CHGX120100,合浦,Hepu
CHGX120200,涠洲岛,Weizhoudao
CHGX130100,上思,Shangsi
CHGX130200,东兴,Dongxing
CHGX130300,防城,Fangcheng
CHGZ000100,白云,Baiyun
CHGZ000200,花溪,Huaxi
CHGZ000300,乌当,Wudang
CHGZ000400,息烽,Xifeng
CHGZ000500,开阳,Kaiyang
CHGZ000600,修文,Xiuwen
CHGZ000700,清镇,Qingzhen
CHGZ000800,小河,Xiaohe
CHGZ000900,云岩,Yunyan
CHGZ001000,南明,Nanming
CHGZ010100,遵义县,Zunyixian
CHGZ010200,仁怀,Renhuai
CHGZ010300,绥阳,Suiyang
CHGZ010400,湄潭,Meitan
CHGZ010500,凤冈,Fenggang
CHGZ010600,桐梓,Tongzi
CHGZ010700,赤水,Chishui
CHGZ010800,习水,Xishui
CHGZ010900,道真,Daozhen
CHGZ011000,正安,Zhengan
CHGZ011100,务川,Wuchuan
CHGZ011200,余庆,Yuqing
CHGZ011300,汇川,Huichuan
CHGZ011400,红花岗,Honghuagang
CHGZ020100,普定,Puding
CHGZ020200,镇宁,Zhenning
CHGZ020300,平坝,Pingba
CHGZ020400,紫云,Ziyun
CHGZ020500,关岭,Guanling
CHGZ030100,贵定,Guiding
CHGZ030200,瓮安,Wengan
CHGZ030300,长顺,Changshun
CHGZ030400,福泉,Fuquan
CHGZ030500,惠水,Huishui
CHGZ030600,龙里,Longli
CHGZ030700,罗甸,Luodian
CHGZ030800,平塘,Pingtang
CHGZ030900,独山,Dushan
CHGZ031000,三都,Sandu
CHGZ031100,荔波,Libo
CHGZ040100,岑巩,Cengong
CHGZ040200,施秉,Shibing
CHGZ040300,镇远,Zhenyuan
CHGZ040400,黄平,Huangping
CHGZ040500,麻江,Majiang
CHGZ040600,丹寨,Danzhai
CHGZ040700,三穗,Sansui
CHGZ040800,台江,Taijiang
CHGZ040900,剑河,Jianhe
CHGZ041000,雷山,Leishan
CHGZ041100,黎平,Liping
CHGZ041200,天柱,Tianzhu
CHGZ041300,锦屏,Jinping
CHGZ041400,榕江,Rongjiang
CHGZ041500,从江,Congjiang
CHGZ050100,江口,Jiangkou
CHGZ050200,玉屏,Yuping
CHGZ050300,万山,Wanshan
CHGZ050400,思南,Sinan
CHGZ050500,印江,Yinjiang
CHGZ050600,石阡,Shiqian
CHGZ050700,沿河,Yanhe
CHGZ050800,德江,Dejiang
CHGZ050900,松桃,Songtao
CHGZ060100,赫章,Hezhang
CHGZ060200,金沙,Jinsha
CHGZ060300,威宁,Weining
CHGZ060400,大方,Dafang
CHGZ060500,纳雍,Nayong
CHGZ060600,织金,Zhijin
CHGZ060700,黔西,Qianxi
CHGZ070100,六枝,Liuzhi
CHGZ070200,盘县,Panxian
CHGZ080100,晴隆,Qinglong
CHGZ080200,兴仁,Xingren
CHGZ080300,贞丰,Zhenfeng
CHGZ080400,望谟,Wangmo
CHGZ080500,安龙,Anlong
CHGZ080600,册亨,Ceheng
CHGZ080700,普安,Puan
CHYN000100,东川,Dongchuan
CHYN000200,寻甸,Xundian
CHYN000300,晋宁,Jinning
CHYN000400,宜良,Yiliang
CHYN000500,石林,Shilin
CHYN000600,呈贡,Chenggong
CHYN000700,富民,Fumin
CHYN000800,嵩明,Songming
CHYN000900,禄劝,Luquan
CHYN001000,安宁,Anning
CHYN001100,太华山,Taihuashan
CHYN010100,云龙,Yunlong
CHYN010200,漾濞,Yangbi
CHYN010300,永平,Yongping
CHYN010400,宾川,Binchuan
CHYN010500,弥渡,Midu
CHYN010600,祥云,Xiangyun
CHYN010700,巍山,Weishan
CHYN010800,剑川,Jianchuan
CHYN010900,洱源,Eryuan
CHYN011000,鹤庆,Heqing
CHYN011100,南涧,Nanjian
CHYN020100,石屏,Shiping
CHYN020200,建水,Jianshui
CHYN020300,弥勒,Mile
CHYN020400,元阳,Yuanyang
CHYN020500,绿春,Lvchun
CHYN020600,开远,Kaiyuan
CHYN020700,个旧,Gejiu
CHYN020800,蒙自,Mengzi
CHYN020900,屏边,Pingbian
CHYN021000,泸西,Luxi
CHYN021100,金平,Jinping
CHYN021200,河口,Hekou
CHYN030100,沾益,Zhanyi
CHYN030200,陆良,Luliang
CHYN030300,富源,Fuyuan
CHYN030400,马龙,Malong
CHYN030500,师宗,Shizong
CHYN030600,罗平,Luoping
CHYN030700,会泽,Huize
CHYN030800,宣威,Xuanwei
CHYN040100,龙陵,Longling
CHYN040200,施甸,Shidian
CHYN040300,昌宁,Changning
CHYN040400,腾冲,Tengchong
CHYN050100,西畴,Xichou
CHYN050200,马关,Maguan
CHYN050300,麻栗坡,Malipo
CHYN050400,砚山,Yanshan
CHYN050500,丘北,Qiubei
CHYN050600,广南,Guangnan
CHYN050700,富宁,Funing
CHYN060100,澄江,Chengjiang
CHYN060200,江川,Jiangchuan
CHYN060300,通海,Tonghai
CHYN060400,华宁,Huaning
CHYN060500,新平,Xinping
CHYN060600,易门,Yimen
CHYN060700,峨山,Eshan
CHYN060800,元江,Yuanjiang
CHYN070100,大姚,Dayao
CHYN070200,元谋,Yuanmou
CHYN070300,姚安,Yaoan
CHYN070400,牟定,Mouding
CHYN070500,南华,Nanhua
CHYN070600,武定,Wuding
CHYN070700,禄丰,Lufeng
CHYN070800,双柏,Shuangbai
CHYN070900,永仁,Yongren
CHYN080100,景谷,Jinggu
CHYN080200,景东,Jingdong
CHYN080300,澜沧,Lancang
CHYN080400,墨江,Mojiang
CHYN080500,江城,Jiangcheng
CHYN080600,孟连,Menglian
CHYN080700,西盟,Ximeng
CHYN080800,镇沅,Zhenyuan
CHYN080900,宁洱,Ninger
CHYN090100,鲁甸,Ludian
CHYN090200,彝良,Yiliang
CHYN090300,镇雄,Zhenxiong
CHYN090400,威信,Weixin
CHYN090500,巧家,Qiaojia
CHYN090600,绥江,Suijiang
CHYN090700,永善,Yongshan
CHYN090800,盐津,Yanjin
CHYN090900,大关,Daguan
CHYN091000,水富,Shuifu
CHYN100100,沧源,Cangyuan
CHYN100200,耿马,Gengma
CHYN100300,双江,Shuangjiang
CHYN100400,凤庆,Fengqing
CHYN100500,永德,Yongde
CHYN100600,云县,Yunxian
CHYN100700,镇康,Zhenkang
CHYN110100,福贡,Fugong
CHYN110200,兰坪,Lanping
CHYN110300,泸水,Lushui
CHYN110400,六库,Liuku
CHYN110500,贡山,Gongshan
CHYN120100,德钦,Deqin
CHYN120200,维西,Weixi
CHYN120300,中甸,Zhongdian
CHYN130100,永胜,Yongsheng
CHYN130200,华坪,Huaping
CHYN130300,宁蒗,Ninglang
CHYN140100,陇川,Longchuan
CHYN140200,盈江,Yingjiang
CHYN140300,瑞丽,Ruili
CHYN140400,梁河,Lianghe
CHYN140500,芒市,Mangshi
CHYN150100,勐海,Menghai
CHYN150200,勐腊,Mengla
CHSC000100,龙泉驿,Longquanyi
CHSC000200,新都,Xindu
CHSC000300,温江,Wenjiang
CHSC000400,金堂,Jintang
CHSC000500,双流,Shuangliu
CHSC000600,郫县,Pixian
CHSC000700,大邑,Dayi
CHSC000800,蒲江,Pujiang
CHSC000900,新津,Xinjin
CHSC001000,都江堰,Dujiangyan
CHSC001100,彭州,Pengzhou
CHSC001200,邛崃,Qionglai
CHSC001300,崇州,Chongzhou
CHSC001400,青白江区,Qibaijiang
CHSC010100,仁和,Renhe
CHSC010200,米易,Miyi
CHSC010300,盐边,Yanbian
CHSC020100,富顺,Fushun
CHSC020200,荣县,Rongxian
CHSC030100,三台,Santai
CHSC030200,盐亭,Yanting
CHSC030300,安县,Anxian
CHSC030400,梓潼,Zitong
CHSC030500,北川,Beichuan
CHSC030600,平武,Pingwu
CHSC030700,江油,Jiangyou
CHSC040100,南部,Nanbu
CHSC040200,营山,Yingshan
CHSC040300,蓬安,Pengan
CHSC040400,仪陇,Yilong
CHSC040500,西充,Xichong
CHSC040600,阆中,Langzhong
CHSC050100,宣汉,Xuanhan
CHSC050200,开江,Kaijiang
CHSC050300,大竹,Dazhu
CHSC050400,渠县,Quxian
CHSC050500,万源,Wanyuan
CHSC050600,通川,Tongchuan
CHSC050700,达县,Daxian
CHSC060100,蓬溪,Pengxi
CHSC060200,射洪,Shehong
CHSC070100,岳池,Yuechi
CHSC070200,武胜,Wusheng
CHSC070300,邻水,Linshui
CHSC070400,华蓥,Huaying
CHSC080100,通江,Tongjiang
CHSC080200,南江,Nanjiang
CHSC080300,平昌,Pingchang
CHSC090100,泸县,Luxian
CHSC090200,合江,Hejiang
CHSC090300,叙永,Xuyong
CHSC090400,古蔺,Gulin
CHSC090500,纳溪,Naxi
CHSC100100,宜宾县,Yibinxian
CHSC100200,南溪,Nanxi
CHSC100300,江安,Jiangan
CHSC100400,长宁,Changning
CHSC100500,高县,Gaoxian
CHSC100600,珙县,Gongxian
CHSC100700,筠连,Junlian
CHSC100800,兴文,Xingwen
CHSC100900,屏山,Pingshan
CHSC110100,东兴,Dongxing
CHSC110200,威远,Weiyuan
CHSC110300,资中,Zizhong
CHSC110400,隆昌,Longchang
CHSC120100,安岳,Anyue
CHSC120200,乐至,Lezhi
CHSC120300,简阳,Jianyang
CHSC130100,犍为,Qianwei
CHSC130200,井研,Jingyan
CHSC130300,夹江,Jiajiang
CHSC130400,沐川,Muchuan
CHSC130500,峨边,Ebian
CHSC130600,马边,Mabian
CHSC130700,峨眉,Emei
CHSC130800,峨眉山,Emeishan
CHSC140100,仁寿,Renshou
CHSC140200,彭山,Pengshan
CHSC140300,洪雅,Hongya
CHSC140400,丹棱,Danleng
CHSC140500,青神,Qingshen
CHSC150100,木里,Muli
CHSC150200,盐源,Yanyuan
CHSC150300,德昌,Dechang
CHSC150400,会理,Huili
CHSC150500,会东,Huidong
CHSC150600,宁南,Ningnan
CHSC150700,普格,Puge
CHSC150800,西昌,Xichang
CHSC150900,金阳,Jinyang
CHSC151000,昭觉,Zhaojue
CHSC151100,喜德,Xide
CHSC151200,冕宁,Mianning
CHSC151300,越西,Yuexi
CHSC151400,甘洛,Ganluo
CHSC151500,雷波,Leibo
CHSC151600,美姑,Meigu
CHSC151700,布拖,Butuo
CHSC160100,名山,Mingshan
CHSC160200,荥经,Yingjing
CHSC160300,汉源,Hanyuan
CHSC160400,石棉,Shimian
CHSC160500,天全,Tianquan
CHSC160600,芦山,Lushan
CHSC160700,宝兴,Baoxing
CHSC170100,康定,Kangding
CHSC170200,泸定,Luding
CHSC170300,丹巴,Danba
CHSC170400,九龙,Jiulong
CHSC170500,雅江,Yajiang
CHSC170600,道孚,Daofu
CHSC170700,炉霍,Luhuo
CHSC170800,新龙,Xinlong
CHSC170900,德格,Dege
CHSC171000,白玉,Baiyu
CHSC171100,石渠,Shiqu
CHSC171200,色达,Seda
CHSC171300,理塘,Litang
CHSC171400,巴塘,Batang
CHSC171500,乡城,Xiangcheng
CHSC171600,稻城,Daocheng
CHSC171700,得荣,Derong
CHSC180100,汶川,Wenchuan
CHSC180200,理县,Lixian
CHSC180300,茂县,Maoxian
CHSC180400,松潘,Songfan
CHSC180500,九寨沟,Jiuzhaigou
CHSC180600,金川,Jinchuan
CHSC180700,小金,Xiaojin
CHSC180800,黑水,Heishui
CHSC180900,马尔康,Maerkang
CHSC181000,壤塘,Rangtang
CHSC181100,若尔盖,Nuoergai
CHSC181200,红原,Hongyuan
CHSC190100,中江,Zhongjiang
CHSC190200,广汉,Guanghan
CHSC190300,什邡,Shifang
CHSC190400,绵竹,Mianzhu
CHSC190500,罗江,Luojiang
CHSC200100,旺苍,Wangcang
CHSC200200,青川,Qingchuan
CHSC200300,剑阁,Jiange
CHSC200400,苍溪,Cangxi
CHXZ000100,当雄,Dangxiong
CHXZ000200,尼木,Nimu
CHXZ000300,林周,Linzhou
CHXZ000400,堆龙德庆,Duilongdeqing
CHXZ000500,曲水,Qushui
CHXZ000600,达孜,Dazi
CHXZ000700,墨竹工卡,Mozhugongka
CHXZ010100,拉孜,Lazi
CHXZ010200,南木林,Nanmulin
CHXZ010300,聂拉木,Nielamu
CHXZ010400,定日,Dingri
CHXZ010500,江孜,Jiangzi
CHXZ010600,帕里,Pali
CHXZ010700,仲巴,Zhongba
CHXZ010800,萨嘎,Saga
CHXZ010900,吉隆,Jilong
CHXZ011000,昂仁,Angren
CHXZ011100,定结,Dingjie
CHXZ011200,萨迦,Sajia
CHXZ011300,谢通门,Xietongmen
CHXZ011400,岗巴,Gangba
CHXZ011500,白朗,Bailang
CHXZ011600,亚东,Yadong
CHXZ011700,康马,Kangma
CHXZ011800,仁布,Renbu
CHXZ020100,贡嘎,Gongga
CHXZ020200,札囊,Zhanang
CHXZ020300,加查,Jiacha
CHXZ020400,浪卡子,Langkazi
CHXZ020500,错那,Cuona
CHXZ020600,隆子,Longzi
CHXZ020700,泽当,Zedang
CHXZ020800,乃东,Naidong
CHXZ020900,桑日,Sangri
CHXZ021000,洛扎,Luozha
CHXZ021100,措美,Cuomei
CHXZ021200,琼结,Qiongjie
CHXZ021300,曲松,Qusong
CHXZ030100,波密,Bomi
CHXZ030200,米林,Milin
CHXZ030300,察隅,Chayu
CHXZ030400,工布江达,Gongbujiangda
CHXZ030500,朗县,Langxian
CHXZ030600,墨脱,Motuo
CHXZ040100,丁青,Dingqing
CHXZ040200,边坝,Bianba
CHXZ040300,洛隆,Luolong
CHXZ040400,左贡,Zuogong
CHXZ040500,芒康,Mangkang
CHXZ040600,类乌齐,Leiwuqi
CHXZ040700,八宿,Basu
CHXZ040800,江达,Jiangda
CHXZ040900,察雅,Chaya
CHXZ041000,贡觉,Gongjue
CHXZ050100,尼玛,Nima
CHXZ050200,嘉黎,Jiali
CHXZ050300,班戈,Bange
CHXZ050400,安多,Anduo
CHXZ050500,索县,Suoxian
CHXZ050600,聂荣,Nierong
CHXZ050700,巴青,Baqing
CHXZ050800,比如,Biru
CHXZ050900,双湖,Shuanghu
CHXZ060100,改则,Gaize
CHXZ060200,申扎,Shenzha
CHXZ060300,狮泉河,Shiquanhe
CHXZ060400,普兰,Pulan
CHXZ060500,札达,Zhada
CHXZ060600,噶尔,Gaer
CHXZ060700,日土,Ritu
CHXZ060800,革吉,Geji
CHXZ060900,措勤,Cuoqin
CHSN000100,长安,Changan
CHSN000200,临潼,Lintong
CHSN000300,蓝田,Lantian
CHSN000400,周至,Zhouzhi
CHSN000500,户县,Huxian
CHSN000600,高陵,Gaoling
CHSN010100,三原,Sanyuan
CHSN010200,礼泉,Liquan
CHSN010300,永寿,Yongshou
CHSN010400,淳化,Chunhua
CHSN010500,泾阳,Jingyang
CHSN010600,武功,Wugong
CHSN010700,乾县,Qianxian
CHSN010800,彬县,Binxian
CHSN010900,长武,Changwu
CHSN011000,旬邑,Xunyi
CHSN011100,兴平,Xingping
CHSN020100,延长,Yanchang
CHSN020200,延川,Yanchuan
CHSN020300,子长,Zichang
CHSN020400,宜川,Yichuan
CHSN020500,富县,Fuxian
CHSN020600,志丹,Zhidan
CHSN020700,安塞,Ansai
CHSN020800,甘泉,Ganquan
CHSN020900,洛川,Luochuan
CHSN021000,黄陵,Huangling
CHSN021100,黄龙,Huanglong
CHSN021200,吴起,Wuqi
CHSN030100,府谷,Fugu
CHSN030200,神木,Shenmu
CHSN030300,佳县,Jiaxian
CHSN030400,定边,Dingbian
CHSN030500,靖边,Jingbian
CHSN030600,横山,Hengshan
CHSN030700,米脂,Mizhi
CHSN030800,子洲,Zizhou
CHSN030900,绥德,Suide
CHSN031000,吴堡,Wubu
CHSN031100,清涧,Qingjian
CHSN031200,榆阳,Yuyang
CHSN040100,华县,Huaxian
CHSN040200,潼关,Tongguan
CHSN040300,大荔,Dali
CHSN040400,白水,Baishui
CHSN040500,富平,Fuping
CHSN040600,蒲城,Pucheng
CHSN040700,澄城,Chengcheng
CHSN040800,合阳,Heyang
CHSN040900,韩城,Hancheng
CHSN041000,华阴,Huayin
CHSN050100,洛南,Luonan
CHSN050200,柞水,Zhashui
CHSN050300,商州,Shangzhou
CHSN050400,镇安,Zhenan
CHSN050500,丹凤,Danfeng
CHSN050600,商南,Shangnan
CHSN050700,山阳,Shanyang
CHSN060100,紫阳,Ziyang
CHSN060200,石泉,Shiquan
CHSN060300,汉阴,Hanyin
CHSN060400,旬阳,Xunyang
CHSN060500,岚皋,Langao
CHSN060600,平利,Pingli
CHSN060700,白河,Baihe
CHSN060800,镇坪,Zhenping
CHSN060900,宁陕,Ningshan
CHSN070100,略阳,Lueyang
CHSN070200,勉县,Mianxian
CHSN070300,留坝,Liuba
CHSN070400,洋县,Yangxian
CHSN070500,城固,Chenggu
CHSN070600,西乡,Xixiang
CHSN070700,佛坪,Fuoping
CHSN070800,宁强,Ningqiang
CHSN070900,南郑,Nanzheng
CHSN071000,镇巴,Zhenba
CHSN080100,千阳,Qianyang
CHSN080200,麟游,Linyou
CHSN080300,岐山,Qishan
CHSN080400,凤翔,Fengxiang
CHSN080500,扶风,Fufeng
CHSN080600,眉县,Meixian
CHSN080700,太白,Taibai
CHSN080800,凤县,Fengxian
CHSN080900,陇县,Longxian
CHSN081000,陈仓,Chencang
CHSN090100,耀县,Yaoxian
CHSN090200,宜君,Yijun
CHSN090300,耀州,Yaozhou
CHNX000100,永宁,Yongning
CHNX000200,灵武,Lingwu
CHNX000300,贺兰,Helan
CHNX010100,惠农,Huinong
CHNX010200,平罗,Pingluo
CHNX010300,陶乐,Taole
CHNX020100,同心,Tongxin
CHNX020200,盐池,Yanchi
CHNX020300,青铜峡,Qingtongxia
CHNX030100,西吉,Xiji
CHNX030200,隆德,Longde
CHNX030300,泾源,Jingyuan
CHNX030400,彭阳,Pengyang
CHNX040100,中宁,Zhongning
CHNX040200,海原,Haiyuan
CHGS000100,皋兰,Gaolan
CHGS000200,永登,Yongdeng
CHGS000300,榆中,Yuzhong
CHGS010100,通渭,Tongwei
CHGS010200,陇西,Longxi
CHGS010300,渭源,Weiyuan
CHGS010400,临洮,Lintao
CHGS010500,漳县,Zhangxian
CHGS010600,岷县,Minxian
CHGS010700,安定,Anding
CHGS020100,泾川,Jingchuan
CHGS020200,灵台,Lingtai
CHGS020300,崇信,Chongxin
CHGS020400,华亭,Huating
CHGS020500,庄浪,Zhuanglang
CHGS020600,静宁,Jingning
CHGS020700,崆峒,Kongtong
CHGS030800,西峰,Xifeng
CHGS030100,环县,Huanxian
CHGS030200,华池,Huachi
CHGS030300,合水,Heshui
CHGS030400,正宁,Zhengning
CHGS030500,宁县,Ningxian
CHGS030600,镇原,Zhenyuan
CHGS030700,庆城,Qingcheng
CHGS040100,民勤,Minqin
CHGS040200,古浪,Gulang
CHGS040300,天祝,Tianzhu
CHGS050100,永昌,Yongchang
CHGS060100,肃南,Sunan
CHGS060200,民乐,Minle
CHGS060300,临泽,Linze
CHGS060400,高台,Gaotai
CHGS060500,山丹,Shandan
CHGS070100,金塔,Jinta
CHGS070200,阿克塞,Akesai
CHGS070300,瓜州,Guazhou
CHGS070400,肃北,Subei
CHGS070500,玉门,Yumen
CHGS070600,敦煌,Dunhuang
CHGS080100,清水,Qingshui
CHGS080200,秦安,Qinan
CHGS080300,甘谷,Gangu
CHGS080400,武山,Wushan
CHGS080500,张家川,Zhangjiachuan
CHGS080600,麦积,Maiji
CHGS090100,成县,Chengxian
CHGS090200,文县,Wenxian
CHGS090300,宕昌,Dangchang
CHGS090400,康县,Kangxian
CHGS090500,西和,Xihe
CHGS090600,礼县,Lixian
CHGS090700,徽县,Huixian
CHGS090800,两当,Liangdang
CHGS100100,康乐,Kangle
CHGS100200,永靖,Yongjing
CHGS100300,广河,Guanghe
CHGS100400,和政,Hezheng
CHGS100500,东乡,Dongxiang
CHGS100600,积石山,Jishishan
CHGS110100,临潭,Lintan
CHGS110200,卓尼,Zhuoni
CHGS110300,舟曲,Zhouqu
CHGS110400,迭部,Diebu
CHGS110500,玛曲,Maqu
CHGS110600,碌曲,Luqu
CHGS110700,夏河,Xiahe
CHGS120100,靖远,Jingyuan
CHGS120200,会宁,Huining
CHGS120300,平川,Pingchuan
CHGS120400,景泰,Jingtai
CHQH000100,大通,Datong
CHQH000200,湟源,Huangyuan
CHQH000300,湟中,Huangzhong
CHQH010100,乐都,Ledu
CHQH010200,民和,Minhe
CHQH010300,互助,Huzhu
CHQH010400,化隆,Hualong
CHQH010500,循化,Xunhua
CHQH010600,冷湖,Lenghu
CHQH010700,平安,Pingan
CHQH020100,尖扎,Jianzha
CHQH020200,泽库,Zeku
CHQH020300,河南,Henan
CHQH020400,同仁,Tongren
CHQH030100,贵德,Guide
CHQH030200,兴海,Xinghai
CHQH030300,贵南,Guinan
CHQH030400,同德,Tongde
CHQH030500,共和,Gonghe
CHQH040100,班玛,Banma
CHQH040200,甘德,Gande
CHQH040300,达日,Dari
CHQH040400,久治,Jiuzhi
CHQH040500,玛多,Madu
CHQH040600,多县,Duoxian
CHQH040700,玛沁,Maqin
CHQH050100,称多,Chenduo
CHQH050200,治多,Zhiduo
CHQH050300,杂多,Zaduo
CHQH050400,囊谦,Nangqian
CHQH050500,曲麻莱,Qumacai
CHQH060100,天峻,Tianjun
CHQH060200,乌兰,Wulan
CHQH060300,茫崖,Mangai
CHQH060400,大柴旦,Dachaidan
CHQH060500,德令哈,Delingha
CHQH070100,门源,Menyuan
CHQH070200,祁连,Qilian
CHQH070300,海晏,Haiyan
CHQH070400,刚察,Gangcha
CHQH080100,都兰,Dulan
CHXJ000100,小渠子,Xiaoquzi
CHXJ000200,达坂城,Dabancheng
CHXJ000300,乌鲁木齐牧试站,Wulumuqimushizhan
CHXJ000400,天池,Tianchi
CHXJ000500,白杨沟,Baiyanggou
CHXJ010100,乌尔禾,Wuerhe
CHXJ010200,白碱滩,Baijiantan
CHXJ020100,炮台,Paotai
CHXJ020200,莫索湾,Mosuowan
CHXJ030100,呼图壁,Hutubi
CHXJ030200,米泉,Miquan
CHXJ030300,阜康,Fukang
CHXJ030400,吉木萨尔,Jimusaer
CHXJ030500,奇台,Qitai
CHXJ030600,玛纳斯,Manasi
CHXJ030700,木垒,Mulei
CHXJ030800,蔡家湖,Caijiahu
CHXJ040100,托克逊,Tuokexun
CHXJ040200,鄯善,Shanshan
CHXJ050100,轮台,Luntai
CHXJ050200,尉犁,Weili
CHXJ050300,若羌,Ruoqiang
CHXJ050400,且末,Qiemo
CHXJ050500,和静,Hejing
CHXJ050600,焉耆,Yanqi
CHXJ050700,和硕,Shuo
CHXJ050800,巴音布鲁克,Bayinbuluke
CHXJ050900,铁干里克,Tieganlike
CHXJ051000,博湖,Bohu
CHXJ051100,塔中,Tazhong
CHXJ051200,巴仑台,Baluntai
CHXJ070100,乌什,Wushi
CHXJ070200,温宿,Wensu
CHXJ070300,拜城,Baicheng
CHXJ070400,新和,Xinhe
CHXJ070500,沙雅,Shaya
CHXJ070600,库车,Kuche
CHXJ070700,柯坪,Keping
CHXJ070800,阿瓦提,Awati
CHXJ080100,英吉沙,Yingjisha
CHXJ080200,塔什库尔干,Tashikuergan
CHXJ080300,麦盖提,Maigaiti
CHXJ080400,莎车,Shache
CHXJ080500,叶城,Yecheng
CHXJ080600,泽普,Zepu
CHXJ080700,巴楚,Bachu
CHXJ080800,岳普湖,Yuepuhu
CHXJ080900,伽师,Jiashi
CHXJ081000,疏附,Shufu
CHXJ081100,疏勒,Shule
CHXJ090100,察布查尔,Chabuchaer
CHXJ090200,尼勒克,Nileke
CHXJ090300,伊宁县,Yiningxian
CHXJ090400,巩留,Gongliu
CHXJ090500,新源,Xinyuan
CHXJ090600,昭苏,Zhaosu
CHXJ090700,特克斯,Tekesi
CHXJ090800,霍城,Huocheng
CHXJ090900,霍尔果斯,Huoerguosi
CHXJ091000,奎屯,Kuitunshi
CHXJ100100,裕民,Yumin
CHXJ100200,额敏,Emin
CHXJ100300,和布克赛尔,Hebukesaier
CHXJ100400,托里,Tuoli
CHXJ100500,乌苏,Wusu
CHXJ100600,沙湾,Shawan
CHXJ110100,巴里坤,Balikun
CHXJ110200,伊吾,Yiwu
CHXJ120100,皮山,Pishan
CHXJ120200,策勒,Cele
CHXJ120300,墨玉,Moyu
CHXJ120400,洛浦,Luopu
CHXJ120500,民丰,Minfeng
CHXJ120600,于田,Yutian
CHXJ130100,哈巴河,Habahe
CHXJ130200,吉木乃,Jimunai
CHXJ130300,布尔津,Buerjin
CHXJ130400,福海,Fuhai
CHXJ130500,富蕴,Fuyun
CHXJ130600,青河,Qinghe
CHXJ140100,乌恰,Wuqia
CHXJ140200,阿克陶,Aketao
CHXJ140300,阿合奇,Aheqi
CHXJ150100,温泉,Wenquan
CHXJ150200,精河,Jinghe
CHXJ150300,阿拉山口,Alashankou
